0.00,0.00,0.00,0.00,0.00,0.00,0.00,0.00,0.00,12.67,0.53,2.14,1.20,1.67,0.00,0.00,0.00,0.00,0.00,0.00,0.00,0.00,0.00,3.22,0.37,0.00,0.00,0.00,0.00,0.00
0.00,0.00,0.00,0.00,0.00,9.33,0.00,0.00,0.00,0.00,0.00,0.00,0.00,0.00,0.00,0.00,0.00,0.00,0.00,0.00,0.00,0.00,0.00,0.00,0.00,0.00,0.00,0.00,0.00,0.00
0.00,0.00,7.49,0.00,1.48,0.00,0.00,0.00,1.17,0.00,0.00,0.00,11.61,0.00,0.00,0.00,0.00,0.00,0.00,0.00,0.00,0.00,0.00,0.00,0.00,0.00,12.74,0.00,0.00,0.00
0.00,0.00,0.00,0.00,0.00,0.00,0.00,0.00,1.37,4.89,22.85,2.32,25.51,7.21,0.00,0.00,0.00,0.00,0.00,0.00,1.16,0.00,0.00,0.00,0.00,0.00,0.00,0.00,0.00,0.00
0.00,0.00,12.14,4.61,6.13,5.64,0.00,0.00,0.00,0.00,0.00,0.00,15.73,0.00,0.00,0.00,0.00,0.00,0.00,0.00,0.00,0.00,0.00,0.00,0.00,0.00,0.00,0.00,0.00,0.00
0.00,0.00,0.00,0.00,0.00,0.00,0.00,0.00,1.38,0.00,0.00,0.00,10.38,0.00,0.00,0.00,4.15,0.00,2.35,2.12,2.15,0.00,0.00,0.00,0.00,0.00,0.00,11.63,0.00,20.91
0.00,0.00,0.00,0.00,0.00,0.00,5.33,0.00,0.00,0.00,0.00,0.00,0.00,0.00,0.00,0.00,0.00,0.00,0.00,0.00,0.00,3.11,0.00,0.00,0.00,1.62,0.00,0.00,0.00,0.00
0.00,0.00,0.00,0.00,4.46,0.00,0.00,0.00,0.00,0.00,1.48,5.33,7.66,8.27,8.77,0.00,0.00,0.00,0.00,0.00,0.00,0.00,0.00,0.00,0.00,0.00,0.00,0.00,0.00,0.00
0.00,0.00,0.00,1.38,0.00,0.00,0.00,0.00,10.65,6.27,5.65,0.00,17.34,3.99,35.22,0.67,42.32,5.30,7.80,0.00,0.00,0.00,5.88,0.00,6.54,0.00,0.00,0.00,0.00,0.00
0.00,0.00,0.00,0.00,0.00,0.00,0.00,0.00,0.00,0.00,0.00,6.33,2.32,0.00,3.11,0.00,10.90,0.00,7.86,3.84,5.29,0.00,0.00,0.00,0.00,0.00,0.00,0.00,0.00,0.00
0.00,0.00,0.00,0.00,0.00,0.91,6.13,0.00,0.00,5.79,0.00,2.84,0.00,6.91,0.00,0.00,0.00,0.00,0.00,0.00,0.00,0.00,0.00,0.00,6.65,0.00,0.00,0.00,0.00,0.00
0.00,0.00,5.29,0.00,0.00,0.00,0.00,0.00,0.00,0.00,11.30,0.00,4.28,0.00,21.32,0.00,0.00,0.00,0.00,0.90,0.00,0.00,0.00,0.00,0.00,0.00,0.00,0.00,0.00,0.00
0.00,0.00,1.17,0.59,0.00,3.49,0.00,2.04,0.00,0.00,0.00,0.00,0.00,0.23,0.00,0.00,2.45,0.59,4.78,0.00,0.00,0.00,0.00,0.00,0.00,0.95,2.56,0.00,0.78,8.17
0.00,0.00,19.52,0.00,13.51,0.00,0.00,0.00,0.00,5.09,0.00,0.00,16.31,0.00,2.10,4.17,12.29,0.00,0.00,0.00,0.00,0.00,0.00,0.00,0.00,11.04,0.00,17.57,7.76,0.00
0.00,0.00,0.00,0.00,0.00,0.00,0.97,0.00,0.00,0.00,4.46,0.00,0.00,0.00,0.00,0.00,0.00,0.00,0.00,0.00,0.00,0.00,0.00,0.00,0.00,0.00,0.00,0.00,0.00,0.00
0.00,0.00,0.00,0.00,0.00,0.00,0.00,0.00,0.00,0.00,0.00,6.26,14.09,0.00,0.97,11.45,0.00,0.00,0.00,0.09,17.30,0.00,0.00,0.00,0.00,0.00,0.00,0.00,0.00,0.00
0.00,0.00,0.00,0.00,6.78,6.43,0.00,0.00,0.00,6.20,0.00,0.00,0.00,0.00,0.00,0.00,0.00,0.00,0.00,0.00,0.00,0.00,0.00,0.00,0.00,0.00,0.00,0.00,0.00,0.00
0.00,0.00,5.39,0.84,0.00,2.24,4.92,2.29,0.00,0.00,0.00,0.00,0.00,0.00,0.00,0.00,0.00,0.00,0.00,5.09,1.11,0.00,2.07,0.00,0.00,0.00,0.00,0.00,0.00,0.00
0.00,0.00,0.00,0.00,5.54,0.00,0.00,0.00,10.60,0.00,0.00,0.00,0.73,0.00,0.00,0.00,0.00,0.00,0.00,0.00,0.00,0.00,2.39,0.00,0.00,0.00,0.00,0.00,0.00,0.00
0.00,0.00,23.27,0.00,17.26,0.00,0.00,0.00,0.00,0.00,0.00,0.00,0.00,0.00,0.00,0.00,3.93,0.00,0.00,0.00,0.00,0.00,0.00,15.72,0.00,0.00,0.00,0.00,18.77,11.46
0.00,0.00,3.02,0.00,0.00,0.00,0.00,0.00,0.00,0.00,0.00,0.00,1.80,5.05,0.00,0.30,4.28,0.00,0.00,0.00,0.00,0.00,0.00,0.00,0.00,0.00,0.00,0.00,0.00,0.00
0.00,0.00,0.00,0.00,0.00,1.86,0.00,0.00,0.00,0.00,0.00,0.00,0.00,0.00,0.00,0.00,0.00,3.00,0.00,0.00,0.00,0.00,2.52,17.12,0.00,9.89,14.64,5.99,0.00,0.00
0.00,0.00,0.00,0.00,0.00,0.00,7.47,0.00,0.00,11.53,0.00,16.11,0.00,0.00,0.00,0.00,0.00,0.00,15.15,0.00,0.00,0.00,0.00,0.00,1.92,0.00,0.00,0.00,0.00,0.00
0.00,0.00,0.00,0.00,12.49,1.02,0.00,0.00,0.22,0.00,0.00,0.00,0.00,13.07,0.67,17.43,0.00,24.28,0.00,0.00,13.06,0.00,11.12,0.00,0.00,1.03,0.00,0.00,0.00,0.00
0.00,0.00,6.09,0.00,8.80,0.00,15.84,0.00,0.00,0.00,3.29,2.04,3.55,0.00,13.18,0.00,0.00,0.00,0.00,0.00,0.00,0.00,0.00,0.00,0.00,0.00,7.05,0.00,8.38,0.00
0.00,0.00,3.11,0.00,2.24,0.00,3.50,0.00,0.00,0.00,0.00,1.26,0.00,5.94,16.12,14.19,5.01,0.00,0.00,0.00,0.00,0.00,0.00,0.00,0.00,0.00,0.00,0.00,0.00,0.00
0.00,0.00,10.14,0.00,4.13,0.00,0.00,0.00,0.00,7.11,8.87,0.00,25.01,0.00,0.00,0.00,0.00,0.00,7.49,2.81,3.50,0.00,0.00,0.00,0.00,0.00,0.00,0.00,0.00,0.00
0.00,0.00,0.00,0.00,0.00,0.00,0.47,5.30,0.00,0.00,0.00,0.00,0.00,0.00,0.00,0.00,0.00,0.00,0.00,0.00,0.00,0.00,0.00,0.00,0.00,0.00,0.00,0.00,0.00,0.00
0.00,0.00,0.00,0.00,0.00,0.00,0.00,0.00,0.00,11.41,0.00,0.00,0.00,0.00,0.00,0.00,0.00,0.00,0.00,0.00,0.00,0.00,0.00,0.00,5.21,8.91,10.49,14.34,2.60,0.00
0.00,0.00,5.64,7.53,0.00,8.20,0.00,0.00,0.00,0.00,0.00,0.00,0.00,0.00,0.00,0.00,0.00,0.00,0.00,0.00,0.00,0.00,0.00,1.42,0.00,1.08,2.36,5.90,0.00,0.00
0.00,0.00,0.66,0.00,0.00,0.00,0.00,0.00,0.00,0.00,2.73,0.00,0.00,0.00,0.00,0.00,1.99,0.00,0.65,6.74,6.44,1.32,0.00,0.00,0.00,0.85,0.00,0.00,2.23,0.00
0.00,0.00,15.27,0.00,9.26,0.00,0.00,0.00,0.00,0.00,0.00,0.32,0.00,11.58,0.00,0.00,0.00,0.00,0.00,0.00,0.00,0.00,0.00,0.00,0.00,0.00,0.00,14.32,2.18,0.00
0.00,0.00,0.00,4.22,0.27,0.00,0.00,0.00,0.00,0.00,0.00,0.00,0.00,15.03,0.00,0.39,0.00,10.22,0.00,0.00,0.00,12.60,1.70,0.00,0.00,0.00,10.07,0.00,0.00,0.00
0.00,0.00,0.00,0.00,0.00,0.00,0.00,3.49,6.05,0.00,0.00,0.00,0.00,0.00,0.00,0.00,0.00,0.00,0.00,0.00,0.00,0.00,0.00,0.00,0.00,1.04,0.00,0.00,0.00,14.50
0.00,0.00,0.00,1.42,0.00,0.00,26.82,0.00,12.92,0.00,3.38,0.00,0.00,0.00,0.00,0.00,0.00,0.00,0.00,0.00,0.00,0.00,0.00,0.00,0.00,0.00,0.00,0.39,0.00,0.00
0.00,0.00,0.00,0.00,5.34,4.10,0.00,0.00,0.00,0.00,0.00,0.00,0.00,0.00,0.00,0.00,0.00,0.00,0.00,0.00,0.00,0.00,0.00,0.00,0.00,0.00,0.00,0.00,0.00,0.00
0.00,0.00,2.59,2.35,0.00,0.00,0.92,9.29,0.00,7.53,0.00,0.00,0.00,0.00,0.00,0.00,0.00,0.00,0.00,0.00,0.00,0.00,0.00,0.00,0.00,0.00,0.00,0.00,0.00,0.00
0.00,0.00,0.00,0.00,0.00,0.00,0.00,0.00,0.00,7.89,5.94,2.77,4.62,7.07,0.00,0.00,0.00,0.00,0.00,0.00,0.00,0.00,4.40,0.00,4.61,2.95,7.47,5.68,0.00,0.00
0.00,0.00,7.75,0.00,1.75,0.00,0.00,0.00,0.00,0.00,0.00,0.00,0.00,0.00,0.00,0.00,0.00,0.00,15.46,0.00,3.17,3.10,0.00,0.00,0.00,0.00,0.00,0.00,0.00,16.44
0.00,0.00,0.00,0.00,0.00,11.08,6.52,0.00,0.00,3.85,0.00,0.00,0.00,0.00,0.00,0.00,0.00,0.00,0.00,7.34,0.00,2.58,3.85,36.16,0.00,0.00,0.00,0.00,0.00,0.00
0.00,0.00,0.00,5.65,7.67,0.68,3.83,0.00,2.39,0.00,0.00,2.83,0.00,13.82,0.00,0.00,0.00,0.00,0.00,0.00,0.00,0.00,0.00,0.00,0.00,0.00,0.00,0.00,5.71,3.69
0.00,0.00,0.00,0.00,0.00,0.00,0.00,5.51,0.00,0.00,0.00,0.00,0.00,0.00,0.00,0.00,0.00,0.00,0.00,0.00,0.00,0.00,0.00,0.00,0.00,0.00,5.21,0.00,0.00,0.00
0.00,0.00,0.00,0.00,0.00,5.80,5.21,0.00,0.00,0.00,15.09,0.00,0.01,23.47,8.88,0.00,0.00,0.00,0.00,1.19,0.00,11.16,0.00,0.00,0.00,0.00,0.00,0.00,0.00,0.00
0.00,0.00,0.00,8.73,0.00,3.76,0.41,8.43,5.27,0.00,8.48,0.00,0.00,0.00,0.00,0.00,0.00,0.00,0.00,3.30,0.00,14.35,0.00,0.00,0.00,0.00,0.00,0.00,0.00,5.79
0.00,0.00,12.59,6.06,6.58,7.10,5.24,11.69,5.34,0.00,0.00,0.00,0.00,0.00,0.00,0.00,0.00,0.00,0.00,0.00,5.85,0.90,0.00,20.08,0.00,0.00,1.16,0.59,0.00,0.00
0.00,0.00,12.04,0.00,6.03,0.00,20.93,0.00,0.00,8.10,2.22,0.00,0.00,0.00,0.00,0.00,0.00,0.00,0.00,0.00,0.00,0.00,0.00,0.00,0.00,0.00,0.00,0.00,0.00,0.00
0.00,0.00,0.00,0.00,21.53,0.00,0.00,0.00,7.50,0.00,0.00,0.00,0.00,0.00,0.00,0.00,0.00,0.00,0.00,0.00,0.00,0.00,0.00,0.00,3.29,18.88,20.31,28.27,0.00,0.00
0.00,0.00,0.00,0.00,1.86,0.00,0.00,0.00,0.00,1.11,3.55,0.00,0.00,0.00,0.00,0.00,0.00,0.00,0.00,0.00,0.00,0.00,16.61,0.00,0.00,0.00,0.00,0.00,0.00,0.00
0.00,0.00,2.54,14.61,10.33,12.17,12.87,11.93,0.00,0.00,0.00,0.00,0.00,0.00,0.00,1.66,0.00,0.00,0.00,0.00,0.00,0.00,0.00,0.00,0.00,0.00,0.00,0.00,0.00,0.00
0.00,0.00,3.38,5.60,0.00,4.01,0.00,0.00,0.00,0.00,0.00,0.00,6.41,0.00,0.00,0.00,0.00,1.05,1.10,0.00,5.96,5.01,0.00,0.00,0.00,2.03,13.08,0.00,12.66,0.00
0.00,0.00,0.00,0.99,4.18,0.00,0.00,0.00,0.00,0.00,0.00,0.00,0.00,0.00,0.00,0.00,0.00,0.00,0.00,0.00,0.00,0.00,0.00,0.00,0.00,0.00,0.00,0.00,0.00,0.00
0.00,0.00,0.00,0.00,0.00,0.76,0.00,10.66,16.22,7.21,12.03,0.00,0.00,0.00,0.00,0.00,0.00,0.00,0.00,0.00,4.26,5.50,0.00,23.71,8.44,0.00,0.00,0.00,0.00,0.00
0.00,0.00,0.00,0.00,0.00,5.14,0.00,0.00,0.00,0.00,0.00,0.00,0.00,0.00,0.00,0.00,8.68,4.92,0.00,10.45,0.00,1.18,0.00,0.00,0.00,0.00,0.00,0.00,0.00,0.00
0.00,0.00,2.61,0.00,10.07,15.47,10.32,3.56,6.13,21.34,0.00,0.98,1.69,9.81,0.00,0.00,0.00,0.00,0.00,0.00,0.00,0.00,0.00,0.00,0.00,0.00,5.10,0.00,0.00,0.00
0.00,0.00,0.00,0.00,0.00,0.99,0.00,0.00,0.00,0.00,1.23,6.28,0.00,0.00,0.00,0.00,3.49,0.00,1.98,11.11,23.45,1.56,13.98,0.89,4.38,0.00,0.00,0.00,0.00,0.00
0.00,0.00,0.00,0.00,0.00,0.00,0.00,0.00,0.00,0.00,0.00,0.00,0.00,0.00,0.00,0.00,0.00,0.00,0.00,4.39,0.79,0.00,0.00,0.00,0.00,5.26,11.33,0.00,3.93,14.94
0.00,0.00,0.00,0.00,0.00,0.00,0.00,5.21,0.00,0.00,0.00,0.00,0.00,0.00,0.00,3.81,0.00,0.00,0.00,10.28,0.00,0.09,0.00,2.02,0.00,0.00,0.00,0.00,0.00,0.00
0.00,0.00,3.71,6.71,3.30,5.45,7.01,0.00,0.00,0.00,0.00,0.00,0.00,0.00,0.00,0.00,0.00,0.00,0.00,0.00,2.72,0.00,0.00,0.00,0.00,0.00,0.00,0.00,0.00,0.00
0.00,0.00,3.92,0.00,0.00,0.00,1.84,0.00,0.00,0.00,0.00,0.00,0.00,0.00,0.00,0.00,0.00,0.00,0.00,0.00,0.00,0.00,0.00,0.00,0.00,0.00,0.00,0.00,0.00,0.00
0.00,0.00,0.00,0.00,2.15,0.00,0.00,10.55,7.02,0.00,0.00,20.86,8.69,0.00,0.00,0.00,0.00,0.00,0.00,0.00,0.00,0.00,0.00,0.00,0.00,0.00,0.00,0.00,0.00,0.00
0.00,0.00,0.00,0.00,0.00,0.00,0.00,0.00,5.80,12.43,0.00,10.05,0.00,0.00,0.00,0.00,0.79,0.00,0.00,0.00,0.00,0.00,0.00,0.00,0.00,3.14,0.00,8.10,0.00,9.75
0.00,0.00,0.00,0.00,0.00,7.85,0.00,0.00,0.00,0.00,0.00,17.92,0.00,0.00,2.17,21.18,0.00,0.00,0.00,0.00,0.00,0.00,0.00,0.00,0.00,0.00,0.00,0.00,0.00,0.00
0.00,0.00,4.44,0.00,0.00,0.00,3.69,1.87,0.00,8.41,0.00,0.00,0.00,0.00,0.00,0.00,0.00,3.72,0.00,0.00,3.92,0.00,0.00,0.00,0.00,0.00,1.67,0.00,2.27,0.00
0.00,0.00,10.06,1.76,4.05,2.79,1.77,4.78,0.00,2.93,11.65,4.58,4.80,1.37,0.00,0.00,0.00,0.00,0.00,0.00,0.00,0.00,0.00,0.00,0.00,0.00,0.00,0.00,0.00,0.00
0.00,0.00,0.00,0.00,0.00,0.00,0.00,0.00,0.00,0.00,0.00,0.00,20.39,0.00,3.85,8.40,0.00,0.46,0.00,3.13,0.00,0.42,0.00,0.00,0.00,0.00,0.00,0.00,3.58,1.28
0.00,0.00,0.00,4.83,19.12,0.00,12.69,0.00,0.00,0.00,0.00,0.00,0.00,0.00,0.00,0.00,0.00,0.00,0.00,0.00,0.00,0.00,0.00,0.00,0.00,0.00,3.69,5.07,0.00,0.00
0.00,0.00,6.98,6.43,5.76,7.46,11.77,0.00,0.00,0.00,0.00,10.51,3.90,9.87,0.00,0.00,0.00,0.00,0.00,0.00,0.00,0.00,0.00,0.00,0.00,0.24,0.00,0.00,0.00,5.23
0.00,0.00,0.00,0.00,4.97,26.20,0.00,9.55,0.00,0.00,0.00,0.00,0.00,8.83,0.00,0.00,0.00,0.00,0.00,0.00,0.00,0.00,0.00,0.00,0.00,1.40,0.92,0.00,0.00,0.00
0.00,0.00,11.03,4.42,5.02,5.45,5.19,0.00,0.00,0.00,0.00,0.00,0.00,0.00,0.00,0.00,0.00,8.81,7.93,7.16,2.81,0.00,1.47,0.00,0.00,0.00,0.00,0.00,0.00,4.02
0.00,0.00,12.93,7.36,6.93,8.40,0.00,4.63,0.00,0.00,0.00,0.00,0.00,0.00,0.00,0.00,0.00,0.00,0.00,1.45,0.00,0.00,12.84,0.00,0.00,0.00,8.75,6.42,8.28,0.00
0.00,0.00,5.40,0.00,0.00,0.00,0.00,0.00,0.00,0.00,0.00,0.00,0.00,0.00,1.17,0.00,0.00,6.06,10.42,2.47,10.55,4.26,11.02,0.00,0.00,0.00,0.00,0.00,0.00,0.00
0.00,0.00,0.00,0.00,0.00,0.00,0.00,1.11,0.00,4.94,0.00,2.18,0.00,0.00,0.00,0.00,0.00,0.00,0.00,0.00,0.00,0.00,0.00,0.00,0.00,0.00,0.00,9.97,0.00,0.00
0.00,0.00,0.00,0.00,2.82,0.00,0.00,0.52,1.14,0.00,0.00,0.00,0.00,0.00,2.74,0.00,0.00,0.00,0.00,0.00,0.00,0.00,0.00,1.38,0.00,0.00,18.12,9.17,10.67,0.00
0.00,0.00,0.00,0.00,0.00,0.00,0.00,0.00,0.00,0.00,0.00,0.00,0.00,0.00,0.00,20.28,0.00,5.08,0.00,0.00,0.00,0.00,0.00,0.00,0.00,0.00,0.00,0.00,0.00,2.75
0.00,0.00,8.32,9.85,2.31,10.88,1.05,0.00,0.00,0.00,0.00,0.00,0.00,0.00,0.00,7.34,0.00,0.00,0.00,0.00,0.00,0.00,0.00,0.00,0.00,0.00,0.00,0.00,0.00,0.00
0.00,0.00,0.00,0.00,17.23,0.00,0.00,0.00,2.65,7.70,0.00,0.00,0.00,0.00,0.00,0.00,0.00,0.00,0.00,0.00,0.00,2.45,0.00,0.00,0.00,0.47,0.00,21.32,0.00,0.00
0.00,0.00,1.11,0.00,0.00,0.00,0.00,0.00,0.00,0.00,1.81,0.00,27.24,0.00,28.10,0.00,12.38,0.00,0.00,0.00,0.00,0.00,0.00,0.00,5.60,0.00,0.00,0.00,0.00,0.00
0.00,0.00,0.00,0.00,0.00,10.41,0.00,0.00,0.00,0.00,0.00,0.00,0.00,0.00,0.00,0.00,0.00,0.00,0.00,0.00,0.64,0.00,3.36,4.17,0.00,0.00,0.00,0.00,6.18,0.00
0.00,0.00,0.00,3.73,0.00,0.00,4.43,0.00,0.00,0.00,0.00,9.49,0.00,0.00,0.00,13.55,0.00,0.00,0.00,0.00,0.56,0.00,0.00,0.00,0.00,0.00,0.00,0.00,0.00,0.00
0.00,0.00,0.00,0.00,0.00,0.00,0.00,4.35,0.00,0.00,0.00,0.00,0.00,0.00,0.00,0.00,0.00,0.00,0.00,1.53,24.58,0.00,0.00,16.61,5.28,0.00,0.00,0.00,0.00,0.00
0.00,0.00,20.48,0.00,14.47,0.00,0.00,0.00,0.00,0.00,0.00,0.00,0.00,0.00,0.00,0.00,0.00,0.00,0.00,0.00,0.00,0.00,0.00,0.00,0.00,1.12,28.60,0.00,0.00,0.00
0.00,0.00,5.82,0.00,0.00,0.00,0.00,0.00,0.00,0.00,0.00,0.00,0.00,0.00,0.00,0.00,0.00,0.00,4.25,0.96,0.00,0.00,0.00,0.00,0.00,0.00,0.00,0.00,8.54,0.00
0.00,0.00,0.00,0.00,0.00,9.00,0.00,0.00,0.00,5.57,0.00,0.00,0.00,0.00,0.00,0.00,0.00,0.00,0.00,3.78,0.12,0.00,0.00,2.96,0.00,0.00,0.00,0.00,0.00,0.00
0.00,0.00,0.00,0.00,0.00,0.00,0.00,0.00,0.00,9.29,22.37,0.00,6.01,0.00,0.00,0.00,0.00,0.00,0.00,4.11,6.36,0.00,0.00,0.00,0.00,0.00,0.00,0.00,0.00,0.00
0.00,0.00,0.00,0.00,0.05,1.79,0.00,8.36,7.65,7.08,0.00,0.51,14.56,0.00,0.00,0.00,0.00,0.00,0.00,0.00,0.00,0.00,0.00,0.00,0.00,0.00,4.42,1.47,21.00,0.00
0.00,0.00,0.00,0.00,0.00,0.00,0.00,2.38,0.00,0.00,0.00,0.00,0.00,9.55,5.62,0.78,10.16,7.70,0.00,0.00,0.00,0.00,0.00,0.00,0.00,0.00,0.00,0.00,0.00,0.00
0.00,0.00,13.44,0.00,7.44,0.00,0.00,0.00,0.00,0.00,0.00,0.00,0.00,0.00,0.00,0.00,0.00,0.00,8.15,0.00,0.00,0.00,0.00,0.00,0.00,0.00,0.00,0.00,0.00,0.00
0.00,0.00,0.00,0.00,0.00,0.00,11.61,0.00,0.00,0.00,0.00,0.00,0.00,0.00,0.00,0.00,3.95,0.00,8.27,0.00,0.00,0.00,27.93,0.75,32.46,0.00,8.01,0.00,0.00,0.00
0.00,0.00,2.90,11.79,0.00,9.71,0.00,0.00,0.00,0.00,0.00,0.00,0.00,0.00,0.00,0.00,0.00,0.00,0.00,0.00,0.00,23.17,8.59,18.94,0.00,0.00,0.00,0.00,0.00,16.44
0.00,0.00,0.00,0.00,4.28,0.00,0.00,0.00,0.00,0.00,0.00,0.00,0.00,0.00,0.00,0.00,0.00,0.27,0.00,0.00,1.99,0.00,0.00,0.00,0.00,0.00,0.00,0.00,0.00,0.00
0.00,0.00,0.00,0.00,0.00,0.00,0.00,0.00,0.00,4.42,0.00,3.40,0.00,7.26,0.00,0.00,0.00,0.00,0.00,0.00,0.00,0.00,0.00,0.00,2.06,1.81,0.00,0.00,3.01,19.71
0.00,0.00,10.06,0.00,4.05,0.00,0.00,0.00,0.00,0.00,0.00,0.00,0.00,0.00,0.00,0.00,0.00,0.00,0.00,0.00,0.00,0.00,0.00,0.00,0.00,0.00,0.00,0.00,0.00,0.00
0.00,0.00,6.75,1.52,1.99,11.27,8.00,10.24,0.00,0.00,0.00,2.57,0.00,22.45,0.00,0.00,0.00,0.00,0.00,0.00,0.00,0.00,0.00,5.71,0.00,0.00,0.00,0.00,0.00,0.00
0.00,0.00,0.00,0.00,12.24,0.00,0.00,0.00,0.00,0.00,0.00,0.00,0.00,0.00,0.00,0.00,0.00,0.00,0.00,0.00,0.00,0.00,0.00,0.00,0.00,0.00,0.00,0.00,0.00,0.00
0.00,0.00,1.11,0.00,0.00,3.61,5.02,0.00,0.09,17.27,3.28,12.83,0.02,0.00,0.00,0.00,0.00,0.00,0.00,0.00,0.00,0.00,0.00,0.00,0.37,5.96,0.00,0.00,0.00,0.00
0.00,0.00,0.00,0.00,0.00,0.00,0.00,0.00,0.00,2.95,30.23,0.00,7.67,13.38,0.00,0.00,0.00,0.00,0.00,0.00,5.34,0.00,3.89,0.00,0.00,0.00,0.00,0.00,3.86,0.00
0.00,0.00,0.00,0.00,0.00,0.00,0.68,0.00,0.31,0.00,0.11,0.00,0.00,0.00,8.90,0.00,0.00,0.00,6.60,0.00,0.00,0.00,0.00,0.00,0.00,0.00,0.00,11.63,0.00,0.00
0.00,0.00,0.00,0.00,0.00,0.00,0.00,0.00,0.00,0.00,0.00,4.01,0.00,0.00,0.00,0.00,15.86,0.00,0.00,0.08,11.33,0.00,0.00,0.00,0.00,0.00,0.00,0.00,0.00,0.00
0.00,0.00,0.00,0.00,0.00,0.00,0.00,0.00,10.61,0.00,0.00,0.00,1.11,0.00,4.26,0.00,22.74,0.00,0.00,0.00,0.00,0.44,0.00,0.00,0.00,0.80,3.46,0.00,0.00,0.00
0.00,0.00,0.00,0.00,0.00,0.00,0.00,0.00,5.43,6.85,0.00,0.00,4.42,0.00,0.00,0.00,0.91,3.67,0.00,12.13,14.99,12.46,0.00,16.36,0.00,0.00,0.00,0.00,0.00,18.35
0.00,0.00,0.00,0.00,0.00,13.00,6.46,3.15,10.49,0.00,0.00,0.00,0.00,0.00,11.15,0.00,0.00,0.00,0.00,0.00,0.00,0.00,0.00,0.00,0.00,0.00,0.00,0.00,0.00,0.00
0.00,0.00,10.56,0.00,4.55,0.00,0.00,0.00,0.00,0.00,0.00,0.00,0.00,0.00,0.00,0.00,0.00,0.00,0.00,0.00,0.00,0.00,0.00,0.00,0.00,0.00,2.19,8.37,0.00,0.00
0.00,0.00,0.00,0.00,12.70,0.00,1.42,6.36,14.59,0.00,0.83,1.93,0.00,0.00,0.00,0.00,1.06,1.16,15.50,0.00,0.00,0.00,5.26,0.00,0.00,0.00,0.00,0.00,0.00,0.00
0.00,0.00,0.00,0.00,0.00,0.00,18.85,0.00,0.00,0.00,8.15,0.00,0.00,0.00,7.26,0.00,19.00,0.00,11.76,0.00,0.00,0.00,0.00,0.00,0.00,0.00,0.00,0.00,0.00,0.00
0.00,0.00,0.00,0.00,0.71,0.00,0.00,0.00,0.00,0.00,0.00,0.00,0.00,0.00,0.00,0.00,0.00,6.27,0.00,0.00,0.00,0.00,0.00,0.00,0.00,7.57,0.00,3.83,0.00,0.00
0.00,0.00,13.52,16.73,7.52,17.76,1.05,0.00,0.56,0.00,0.00,4.33,2.29,21.91,0.00,0.00,0.00,0.00,0.00,0.00,0.00,0.00,0.00,0.00,0.00,0.00,1.06,0.00,0.00,0.00
0.00,0.00,0.00,0.00,1.23,12.84,0.00,0.00,3.72,9.42,9.31,0.00,0.00,0.00,0.00,0.00,0.00,0.00,0.00,0.00,0.00,0.00,0.00,2.24,0.00,8.78,8.66,16.04,0.77,0.00
0.00,0.00,0.00,0.00,0.00,0.00,0.00,0.00,0.00,2.80,5.29,0.00,0.00,5.59,0.00,8.06,0.00,2.77,0.00,0.00,0.00,0.00,0.00,0.00,0.00,5.10,0.00,25.86,0.00,0.00
0.00,0.00,0.00,0.00,1.15,9.62,0.00,1.63,0.00,0.00,0.00,0.00,0.00,9.97,0.00,10.68,12.21,10.44,0.00,0.00,7.07,0.92,0.00,0.00,0.00,0.21,24.72,0.00,0.00,0.00
0.00,0.00,5.34,17.06,0.00,17.43,4.40,0.00,1.67,4.30,10.09,0.00,0.00,0.00,0.00,0.00,0.00,0.00,0.00,0.00,0.00,0.00,0.00,0.00,2.37,0.00,0.00,0.00,0.00,0.00
0.00,0.00,0.00,4.06,0.00,0.00,0.00,0.00,0.00,0.00,0.00,20.02,0.00,1.79,5.60,18.67,0.00,0.00,0.00,0.00,0.00,0.00,0.00,0.00,0.00,0.00,0.00,0.00,0.00,0.00
0.00,0.00,0.00,0.00,0.00,0.00,0.00,0.00,11.05,0.00,0.00,0.00,0.00,0.00,0.95,0.00,0.00,17.01,6.94,22.04,0.00,1.26,4.09,1.39,5.95,0.00,0.00,0.00,0.00,0.00
0.00,0.00,0.00,0.00,0.00,17.18,3.96,0.00,0.00,12.53,0.00,0.00,0.00,0.00,0.00,0.00,0.00,3.12,0.00,0.00,0.00,0.00,0.00,0.00,0.00,0.00,0.00,0.00,0.00,0.00
0.00,0.00,0.22,9.34,17.27,4.58,17.48,1.34,0.00,0.00,0.00,0.00,5.90,0.00,0.00,0.00,0.00,0.00,0.00,0.00,0.00,0.00,0.00,0.00,0.00,0.00,2.89,0.00,0.00,0.00
0.00,0.00,7.38,0.00,1.37,0.00,0.00,0.00,0.00,0.00,0.00,0.00,0.00,4.26,0.00,1.63,0.00,13.24,0.00,6.65,0.00,0.00,14.53,13.10,0.00,0.00,0.00,0.00,0.00,0.00
0.00,0.00,0.00,0.00,0.00,0.00,0.00,0.00,0.00,9.95,0.00,0.00,2.78,12.81,0.00,0.00,0.00,10.99,0.00,0.00,0.00,0.00,3.67,2.70,0.00,20.85,0.00,0.00,0.00,0.00
0.00,0.00,0.00,0.00,1.83,0.00,0.00,0.00,0.00,0.00,0.00,4.72,0.00,0.00,0.00,0.00,0.00,0.00,0.00,0.00,0.00,0.00,0.00,0.00,2.83,0.48,0.00,0.00,10.67,0.00
0.00,0.00,8.07,0.00,2.06,0.00,3.23,5.33,0.00,12.61,0.00,1.55,0.00,0.00,0.00,0.00,14.52,0.00,22.61,0.00,10.63,0.00,0.00,0.00,0.00,0.00,0.00,0.00,0.00,0.00
0.00,0.00,0.00,0.00,0.00,0.00,0.00,0.00,0.00,5.61,0.00,0.00,0.00,0.00,0.00,0.00,0.00,10.91,0.00,6.70,1.18,17.88,0.00,0.00,6.87,0.00,2.07,0.00,0.00,0.00
0.00,0.00,0.00,0.00,11.06,6.41,0.00,0.00,17.73,0.48,0.00,0.00,0.00,0.00,0.00,0.00,0.00,0.00,9.38,14.02,0.00,0.00,0.00,0.00,0.00,0.00,0.00,0.00,0.00,0.00
0.00,0.00,0.00,0.00,0.00,6.12,0.00,0.00,0.00,20.89,0.00,0.00,9.89,3.50,0.00,0.00,0.00,0.00,0.00,0.00,0.00,0.00,0.00,0.00,0.00,0.00,2.31,0.00,0.00,0.00
0.00,0.00,0.00,0.00,0.00,0.00,0.00,21.50,0.10,15.29,0.00,14.38,0.00,0.00,0.00,0.00,0.00,0.00,0.00,0.00,0.00,0.00,0.00,0.00,0.00,0.00,0.00,0.00,0.00,0.00
0.00,0.00,5.66,9.98,0.00,10.66,0.00,0.00,0.00,6.98,0.00,8.42,0.81,8.39,0.00,0.00,0.00,0.00,0.00,0.00,0.00,0.00,0.00,0.00,3.85,11.00,17.89,0.00,0.00,0.00
0.00,0.00,0.57,7.92,19.76,3.51,20.33,2.86,11.93,0.00,0.00,0.00,6.83,7.03,0.00,0.00,0.00,0.00,11.94,8.43,0.00,0.00,0.00,0.00,0.00,1.04,5.66,0.00,0.00,0.00
0.00,0.00,0.00,0.00,0.00,0.00,0.00,0.00,0.00,0.00,0.00,0.00,0.00,0.00,0.00,0.00,0.00,0.00,0.00,0.00,7.15,0.00,0.00,0.00,0.00,12.44,0.00,0.00,0.00,2.67
0.00,0.00,0.00,0.00,2.00,0.00,0.00,0.00,0.00,0.00,0.00,0.00,0.00,0.98,10.01,0.00,0.00,0.00,0.00,0.52,0.00,0.00,0.00,11.60,0.00,0.00,0.00,0.88,2.43,6.35
0.00,0.00,0.00,0.00,0.00,0.00,0.00,0.00,30.13,0.00,9.06,0.00,14.55,0.00,0.00,0.00,0.00,0.00,0.00,0.00,0.00,0.00,0.00,0.00,0.00,0.00,0.00,0.00,0.00,0.00
0.00,0.00,0.00,0.00,0.00,0.00,0.00,0.00,13.02,0.00,0.00,0.00,3.13,0.00,0.00,0.00,0.00,0.00,2.87,3.04,0.00,0.00,0.00,9.64,0.00,0.00,0.00,0.00,0.00,0.00
0.00,0.00,0.00,0.00,0.00,0.00,3.76,0.00,0.00,0.00,0.00,0.00,10.57,0.99,0.00,0.00,14.13,7.68,0.00,0.00,0.00,0.00,0.00,0.00,0.00,0.00,0.00,0.00,0.00,0.00
0.00,0.00,0.00,0.48,0.00,0.00,0.00,15.89,0.00,0.00,0.00,0.00,0.00,0.00,0.00,0.00,0.00,1.99,0.00,0.00,0.00,0.00,0.00,0.00,19.27,0.00,7.76,17.93,17.02,0.00
0.00,0.00,0.00,0.00,2.43,0.00,0.00,0.00,0.00,22.28,13.03,0.00,21.83,16.63,0.00,0.00,0.00,0.00,0.00,5.41,8.69,0.00,0.00,0.00,0.00,0.00,0.00,0.00,0.00,0.00
0.00,0.00,0.00,0.00,0.00,0.00,0.00,0.00,0.38,0.00,0.00,0.00,0.00,0.00,0.00,0.00,8.90,0.00,0.00,0.00,0.00,0.00,0.00,0.00,0.00,0.00,0.00,0.00,19.15,0.00
0.00,0.00,0.00,9.91,0.00,4.94,1.56,3.25,6.01,0.00,2.53,0.00,0.00,4.77,13.74,7.42,0.00,0.00,3.85,7.24,0.00,0.00,0.00,0.00,0.00,0.00,0.00,0.00,0.00,0.00
0.00,0.00,10.36,16.82,4.35,17.85,0.00,0.00,0.00,0.00,0.00,0.00,0.00,0.00,0.00,0.00,0.00,0.00,0.00,0.00,0.00,0.00,0.00,0.00,0.00,0.00,0.00,0.00,0.00,0.00
0.00,0.00,0.00,0.00,0.00,6.37,0.00,0.00,0.00,0.00,13.66,0.00,0.00,0.00,0.00,0.00,0.00,2.95,6.26,0.00,0.00,0.00,0.00,0.00,0.00,0.00,0.00,0.00,2.62,0.00
0.00,0.00,3.07,0.00,0.00,0.00,0.00,0.00,0.00,0.00,6.02,0.00,0.00,0.00,0.00,0.00,0.00,0.00,0.00,0.00,0.00,0.00,0.00,0.00,0.00,0.00,0.00,0.00,0.00,0.00
0.00,0.00,9.43,14.78,3.42,15.81,0.00,0.00,0.00,0.00,0.00,0.00,0.00,0.00,0.00,0.00,0.00,0.00,0.00,0.00,0.00,0.00,0.00,0.82,13.14,22.57,0.00,0.00,0.00,0.00
0.00,0.00,0.17,0.00,0.00,0.10,10.96,0.00,11.92,5.15,24.24,0.00,0.00,0.00,0.00,0.00,0.00,4.04,7.58,0.00,0.00,0.00,3.18,0.00,9.53,13.61,0.00,0.00,0.00,0.00
0.00,0.00,1.19,0.00,0.00,0.00,0.00,0.00,10.60,0.00,0.00,0.00,3.35,0.00,0.00,0.00,0.00,0.00,0.00,0.00,0.00,6.69,0.00,3.69,0.00,0.00,0.00,0.00,0.00,0.00
0.00,0.00,1.37,0.00,0.00,4.56,0.00,0.00,0.00,0.00,0.53,15.86,9.76,14.13,19.45,0.00,0.00,0.00,0.00,0.00,0.00,0.00,0.00,0.00,0.00,0.00,12.92,0.00,3.40,0.00
0.00,0.00,12.26,0.00,6.25,0.00,0.00,0.00,5.51,0.00,9.61,0.00,0.00,0.00,0.00,0.00,0.00,0.00,0.00,0.00,0.00,3.55,0.00,0.00,0.00,21.04,0.00,0.00,0.00,0.00
0.00,0.00,0.00,0.00,0.00,0.00,0.69,2.27,0.00,3.46,0.00,4.39,0.00,0.00,0.00,0.00,0.00,0.00,0.00,0.00,0.00,11.52,0.00,4.50,0.00,4.93,0.00,0.00,0.00,0.00
0.00,0.00,4.20,9.31,3.78,8.54,23.67,8.11,20.66,1.56,0.00,0.00,0.00,0.00,0.00,13.27,0.84,6.93,0.00,0.00,0.00,0.00,0.00,0.00,0.00,0.00,0.00,0.00,0.00,0.00
0.00,0.00,0.00,0.00,2.38,8.45,0.00,0.00,0.00,0.00,0.00,0.00,0.00,0.00,0.00,0.00,0.00,0.00,0.00,0.00,0.00,0.00,0.00,0.00,0.00,0.00,1.38,0.00,1.12,0.00
0.00,0.00,10.69,0.00,4.69,0.00,0.00,0.00,0.00,0.00,0.00,0.00,0.00,0.00,16.68,0.00,0.00,7.74,12.14,0.00,0.00,0.00,0.00,0.00,0.00,0.00,0.00,13.23,2.47,33.44
0.00,0.00,0.00,3.88,5.01,0.00,0.04,0.00,0.00,5.92,6.34,0.00,20.22,0.00,0.00,0.00,0.00,0.00,0.00,0.00,0.00,0.00,3.48,15.93,0.00,0.00,0.00,1.89,0.00,0.00
0.00,0.00,10.65,8.66,4.64,9.69,0.00,4.13,0.00,4.89,10.83,4.30,0.00,0.00,0.00,0.00,0.00,0.00,0.00,0.00,0.00,0.00,0.00,0.00,0.00,0.00,0.00,0.00,2.35,0.00
0.00,0.00,0.00,0.00,0.00,0.00,0.00,0.00,0.00,0.56,10.12,2.72,4.64,4.34,6.09,0.00,0.00,0.00,0.00,0.00,0.00,0.00,0.00,0.00,0.00,16.33,0.00,0.00,0.00,0.00
0.00,0.00,5.25,5.08,0.00,7.48,0.00,12.45,0.00,0.81,7.84,5.49,2.25,32.62,7.13,0.00,0.00,0.00,0.00,0.00,0.00,0.00,0.00,0.00,0.00,0.00,0.00,0.00,0.00,0.00
0.00,0.00,13.06,1.53,7.05,3.12,8.02,10.12,2.01,0.00,0.00,0.00,0.00,0.38,0.00,5.36,5.39,19.42,0.00,0.00,0.00,0.00,0.00,0.00,0.00,0.00,0.00,0.00,0.00,0.00
0.00,0.00,0.00,4.32,0.00,0.00,0.00,0.00,0.00,0.00,0.00,0.00,0.00,0.00,0.00,0.00,0.00,9.12,0.00,0.61,0.00,5.39,0.00,0.00,0.00,0.00,0.03,11.66,16.95,9.02
0.00,0.00,13.76,1.77,7.76,2.80,0.00,0.00,0.00,0.00,3.45,0.00,7.45,0.00,5.88,2.45,11.77,15.15,0.00,0.00,0.00,0.00,0.00,0.00,0.00,0.00,4.40,0.00,0.00,0.00
0.00,0.00,4.68,0.00,0.00,0.00,1.70,0.00,0.00,0.00,6.98,0.00,0.00,0.00,3.26,0.00,0.00,0.00,1.85,0.00,0.00,0.00,0.00,9.59,0.00,0.63,6.53,5.36,0.86,0.00
0.00,0.00,0.00,0.00,0.00,0.00,0.00,0.00,3.23,0.00,0.00,0.00,0.00,11.03,0.00,0.00,0.00,0.00,0.00,0.00,0.00,0.00,15.17,0.00,0.00,0.00,0.00,0.00,0.00,0.00
0.00,0.00,0.75,0.00,0.00,0.00,0.00,0.00,0.00,0.00,0.00,0.00,4.81,2.35,0.00,3.61,0.00,0.00,0.00,0.00,1.76,8.20,8.10,0.00,0.00,2.41,0.00,2.43,0.00,6.60
0.00,0.00,7.66,0.00,1.65,0.00,0.00,0.00,0.00,0.00,0.00,0.00,0.00,6.95,0.00,4.41,0.00,0.00,0.00,0.00,0.00,0.00,0.00,0.00,0.00,0.00,0.00,0.00,0.00,0.00
0.00,0.00,10.81,0.03,4.80,1.07,0.00,0.00,0.00,0.00,0.00,0.00,0.00,0.00,0.00,0.00,0.00,7.22,0.00,0.79,0.00,0.00,0.00,0.00,0.00,0.00,0.00,0.00,0.00,0.00
0.00,0.00,0.00,0.00,2.82,0.00,0.00,0.00,0.00,0.00,0.00,0.00,0.00,0.00,0.00,0.00,0.00,0.00,0.00,0.00,4.89,0.00,0.00,0.00,0.00,0.00,1.42,9.63,0.00,20.30
0.00,0.00,2.05,1.87,0.00,0.00,0.00,0.00,0.00,0.00,0.00,0.00,0.00,0.00,0.00,2.01,0.00,0.00,0.00,0.00,0.00,10.40,2.02,0.00,9.00,4.83,0.00,0.00,0.00,0.00
0.00,0.00,2.81,0.00,0.00,14.57,4.33,9.42,4.83,43.53,9.16,0.00,0.00,0.00,0.00,0.00,0.00,0.00,0.00,0.00,0.00,0.00,0.00,0.00,0.00,0.00,0.00,0.00,0.00,0.00
0.00,0.00,0.00,0.00,0.00,0.00,7.52,5.91,0.00,5.68,13.85,13.71,0.00,0.00,0.00,4.28,0.00,0.00,0.00,0.00,11.42,2.12,1.96,11.96,0.00,0.00,0.00,0.00,0.00,0.00
0.00,0.00,0.00,0.00,7.47,0.00,0.00,0.00,0.00,0.00,0.45,0.89,0.00,0.00,10.25,7.46,0.00,4.21,1.06,0.00,0.00,0.00,0.00,0.00,2.61,0.00,0.00,0.00,0.91,0.00
0.00,0.00,0.00,0.00,0.00,0.00,12.96,0.00,0.00,0.00,0.00,0.00,0.00,2.31,0.00,0.00,0.00,0.00,0.00,0.00,0.00,0.00,0.00,0.00,0.00,0.00,0.00,2.98,0.00,9.35
0.00,0.00,4.26,21.95,3.96,21.23,8.22,0.14,0.00,0.00,0.00,0.00,0.00,0.00,0.00,0.00,0.00,0.00,0.00,0.00,0.00,0.00,0.00,0.00,0.00,0.00,0.00,0.00,0.00,5.05
0.00,0.00,6.01,24.05,0.00,25.08,0.00,0.00,0.00,0.00,0.00,5.82,14.41,0.00,0.00,0.00,0.00,0.00,2.71,4.42,0.00,0.00,0.00,0.00,0.00,0.00,0.00,0.00,0.00,0.00
0.00,0.00,13.82,13.95,7.82,14.98,0.00,0.00,0.75,5.84,11.13,0.00,0.00,0.00,0.00,0.00,0.00,0.00,0.00,0.00,0.00,0.00,0.00,0.00,0.00,0.00,0.00,0.00,0.00,0.00
0.00,0.00,11.03,0.00,5.02,0.00,0.00,16.53,0.00,2.78,0.00,0.00,0.00,0.00,0.00,0.00,0.65,0.00,0.00,12.48,0.00,0.00,1.20,0.00,0.00,0.00,0.00,0.00,25.76,0.00
0.00,0.00,0.00,0.00,0.00,0.00,9.69,0.00,0.00,1.54,10.49,1.48,5.17,17.94,6.98,0.00,0.00,0.00,0.00,0.00,0.00,0.00,0.00,0.00,0.00,0.00,5.90,6.66,11.66,2.80
0.00,0.00,7.68,0.00,1.67,8.22,0.00,1.83,0.00,0.00,0.00,1.14,0.27,12.31,10.26,8.02,4.86,0.00,0.94,0.00,0.00,0.00,0.00,0.00,0.00,0.00,0.00,0.00,1.08,0.60
0.00,0.00,0.00,0.00,0.00,0.77,3.04,0.00,0.00,0.00,6.30,0.00,1.13,5.70,0.00,0.00,0.00,5.71,0.00,0.00,0.00,0.00,0.00,0.00,0.42,0.00,0.90,0.00,0.00,0.00
0.00,0.00,0.00,0.00,0.00,0.00,0.00,0.00,0.00,0.00,0.00,0.00,0.00,0.00,0.00,0.00,0.00,0.00,0.00,4.50,0.00,0.00,0.00,0.00,4.79,0.00,0.00,0.00,0.00,0.00
0.00,0.00,0.00,0.00,0.00,0.98,0.00,0.00,0.00,0.00,9.29,7.45,2.34,0.00,0.00,0.00,0.00,0.00,0.00,0.00,0.00,0.00,0.00,0.00,0.00,0.00,0.00,0.00,0.00,0.00
0.00,0.00,0.00,0.00,0.00,0.07,0.00,0.00,0.00,0.00,0.00,0.00,0.00,0.00,0.00,0.00,0.00,0.00,0.00,0.00,0.00,0.00,0.00,0.00,0.00,0.00,0.00,0.00,0.00,2.34
0.00,0.00,0.00,0.00,7.42,2.87,1.60,3.50,0.00,6.94,0.00,0.00,0.00,0.00,0.00,0.00,0.00,0.00,0.00,0.00,0.00,0.00,0.00,0.00,0.00,0.00,0.00,4.31,0.00,0.00
0.00,0.00,1.65,0.00,0.00,0.00,0.00,0.00,0.00,0.00,6.97,1.23,0.00,0.00,6.59,0.00,0.00,0.00,0.00,0.00,0.00,0.00,1.08,0.00,0.00,5.33,0.00,0.00,0.00,14.42
0.00,0.00,12.70,0.00,6.69,0.00,2.63,0.00,0.00,0.00,0.00,0.00,0.00,0.00,0.00,0.00,0.00,0.00,0.00,0.00,4.88,0.00,0.00,0.00,0.00,0.00,0.00,0.00,0.00,0.00
0.00,0.00,0.00,0.00,0.00,0.00,0.00,0.00,0.00,0.00,1.16,0.00,0.00,0.00,5.52,6.93,0.00,3.62,0.53,0.00,0.00,0.00,0.00,6.18,9.31,11.40,0.00,0.00,0.00,0.00
0.00,0.00,5.44,4.85,0.00,5.32,0.00,0.00,0.00,0.00,0.00,0.00,9.28,5.69,0.00,7.59,9.80,0.00,0.00,0.00,0.00,0.00,0.00,0.00,0.00,0.00,0.00,0.00,0.00,0.00
0.00,0.00,0.00,0.00,3.72,0.00,0.00,9.65,0.00,0.00,0.00,0.00,0.00,0.00,9.14,1.44,0.00,1.10,18.68,0.00,0.00,0.00,11.83,0.00,0.00,0.00,0.00,0.00,0.00,0.00
0.00,0.00,5.52,0.02,0.00,0.57,4.77,0.00,0.00,0.00,0.00,0.00,0.00,0.00,0.00,0.00,0.00,0.00,0.00,0.00,0.00,0.00,0.00,0.00,0.00,0.00,0.00,0.00,0.00,0.00
0.00,0.00,0.00,0.00,0.00,0.00,5.08,5.36,0.00,0.00,9.02,0.00,0.00,0.00,0.00,0.00,0.00,0.00,0.00,0.00,0.00,0.00,0.00,0.00,0.00,0.00,0.00,0.00,0.00,0.00
0.00,0.00,0.00,0.00,14.38,18.18,2.98,6.82,10.65,36.29,0.00,0.00,0.00,0.00,0.00,0.00,0.00,0.00,0.00,0.00,0.00,0.00,0.00,0.00,0.00,0.00,0.00,0.00,0.00,0.00
0.00,0.00,0.00,0.00,13.54,0.00,0.00,0.00,0.00,0.00,0.00,0.00,0.00,0.00,0.00,0.00,0.00,0.00,0.00,0.00,0.00,0.00,4.00,5.70,0.00,0.00,0.00,0.00,0.00,0.00
0.00,0.00,6.70,0.00,0.69,0.00,0.00,13.68,0.00,0.64,14.03,0.00,0.00,0.00,0.00,0.00,0.00,0.00,0.00,0.00,0.00,0.00,0.00,0.00,11.06,0.00,19.25,8.91,4.80,0.00
0.00,0.00,2.36,0.00,0.00,0.00,0.00,12.63,0.00,0.00,0.00,0.00,0.00,0.00,0.00,0.00,0.00,0.00,0.01,8.63,0.00,0.00,0.00,0.00,0.00,7.99,0.00,0.00,0.00,7.97
0.00,0.00,2.43,0.00,0.00,0.00,0.00,0.00,0.00,0.00,0.00,0.00,0.00,18.33,0.82,9.33,15.53,28.49,0.00,0.00,0.00,0.00,0.00,0.00,0.00,2.53,0.00,0.00,0.00,0.00
0.00,0.00,0.00,0.00,0.00,0.00,0.00,28.28,0.00,2.64,0.00,27.95,0.00,0.00,0.00,4.22,0.00,0.00,0.00,0.00,0.00,0.00,0.00,0.00,0.00,0.00,0.00,0.00,0.00,0.00
0.00,0.00,0.00,0.00,0.00,0.00,0.00,0.00,0.00,7.43,0.00,0.00,0.00,0.00,0.00,0.00,0.00,0.00,0.00,0.00,0.00,12.04,0.00,0.00,0.00,0.00,0.00,0.00,0.00,0.00
0.00,0.00,0.00,0.00,0.00,0.00,0.00,0.00,0.00,0.00,0.00,0.00,0.00,0.39,0.00,0.00,6.01,0.00,0.00,0.00,6.73,0.87,0.00,10.05,0.00,0.00,0.00,0.00,0.00,0.00
0.00,0.00,28.44,0.00,22.43,0.00,0.00,0.00,0.00,0.00,0.00,0.00,0.00,4.47,4.28,0.00,0.00,0.00,0.00,0.00,0.00,0.00,0.00,0.00,0.00,0.00,9.93,0.00,0.00,0.00
0.00,0.00,0.00,0.00,2.78,0.00,0.00,14.66,0.00,6.92,0.00,0.00,0.00,0.00,0.00,0.00,0.00,0.00,0.00,3.86,0.00,12.76,0.00,0.00,0.00,0.00,0.00,0.00,0.00,0.00
0.00,0.00,2.88,0.00,0.53,0.00,1.31,0.00,0.00,0.00,0.00,0.00,0.00,0.00,2.37,0.00,0.44,0.00,0.04,3.75,13.98,0.00,0.59,8.26,3.81,7.78,0.00,1.66,0.00,0.00
0.00,0.00,0.00,0.00,5.35,0.00,0.00,0.00,0.00,0.00,0.00,0.00,2.95,1.75,7.58,0.00,20.94,0.00,0.00,0.00,0.00,0.00,0.00,0.00,0.00,0.00,0.26,12.12,0.78,0.00
0.00,0.00,0.00,0.00,0.00,0.00,0.00,0.00,0.00,3.21,0.00,0.00,0.00,0.00,0.00,0.00,0.00,1.20,0.00,0.00,0.00,0.00,0.00,0.00,0.00,0.00,1.83,0.00,0.00,14.91
0.00,0.00,9.26,0.00,3.25,0.00,0.00,0.00,16.93,0.00,0.00,7.13,3.35,0.00,0.00,0.00,0.00,0.00,0.00,0.00,0.00,0.00,3.06,0.00,0.00,0.00,0.00,0.00,0.00,0.00
0.00,0.00,0.00,0.00,10.11,0.92,0.00,0.00,0.00,0.00,0.00,0.00,0.00,0.00,0.00,3.37,12.30,0.00,0.00,19.43,18.82,0.00,0.00,0.00,0.00,0.00,0.00,0.00,0.00,0.00
0.00,0.00,0.00,0.00,0.00,0.00,0.00,2.88,0.28,0.00,0.00,0.00,0.00,0.00,0.00,0.00,0.00,0.00,0.00,0.00,15.22,0.00,11.40,0.00,0.00,0.00,0.54,19.90,0.00,27.60
0.00,0.00,26.17,0.05,20.17,1.08,0.00,0.00,0.00,0.00,1.78,3.61,0.00,0.00,0.00,0.00,0.00,0.00,7.10,0.00,8.42,29.08,0.00,0.00,0.00,0.00,14.82,5.79,0.00,0.00
0.00,0.00,0.00,0.00,0.19,0.46,0.00,4.36,7.07,0.70,1.18,7.93,0.00,0.00,0.00,0.00,0.00,0.00,0.00,0.00,0.00,0.00,0.00,0.00,0.00,0.00,0.00,0.00,0.00,0.00
0.00,0.00,0.00,0.00,0.00,0.00,0.00,0.00,0.00,0.00,0.00,0.00,0.00,0.00,2.67,0.25,0.00,0.00,0.00,0.00,0.00,0.00,0.00,0.00,8.33,0.00,0.00,0.00,0.00,0.00
0.00,0.00,0.51,13.95,0.00,9.48,0.00,0.00,0.00,0.00,3.75,0.00,2.81,0.00,3.33,0.00,0.00,0.00,0.00,0.00,0.00,0.00,0.00,0.00,0.00,9.97,0.00,0.00,0.00,0.00
0.00,0.00,0.00,0.00,0.00,0.00,0.00,1.95,0.00,0.00,0.00,0.00,0.00,7.43,1.69,0.00,2.65,0.00,0.00,0.00,0.00,0.00,0.00,0.00,0.00,4.51,0.00,11.13,0.00,0.00
0.00,0.00,7.75,0.00,1.74,0.00,0.00,0.00,1.54,2.86,7.59,0.00,0.00,0.00,0.00,0.00,0.00,0.00,8.40,0.00,24.46,0.00,1.55,0.00,0.00,0.00,0.00,0.00,0.00,0.00
0.00,0.00,2.93,0.79,15.10,6.74,16.78,7.53,0.00,5.56,0.75,0.00,0.00,0.00,0.00,0.00,0.00,0.00,0.00,7.80,0.00,0.00,0.00,0.00,0.26,0.80,0.00,0.00,0.00,0.00
0.00,0.00,0.00,0.00,3.71,21.03,0.00,1.24,16.52,12.90,0.00,0.00,0.41,10.24,0.00,0.00,0.00,0.00,0.00,0.00,0.00,0.00,0.00,0.00,0.00,0.00,0.00,0.00,0.00,4.92
0.00,0.00,11.81,0.00,5.80,0.00,0.00,0.00,0.00,0.00,0.00,0.00,5.30,0.00,8.62,0.00,0.00,0.00,0.00,0.00,0.00,0.00,0.00,0.00,0.00,2.11,8.35,7.32,0.00,0.00
0.00,0.00,0.00,0.00,0.00,0.00,0.00,0.00,9.95,0.00,0.00,0.00,0.00,0.00,0.00,0.00,7.85,0.00,0.00,0.00,12.99,0.00,0.00,3.05,10.53,5.64,0.00,0.00,0.00,0.00
0.00,0.00,0.00,0.00,0.00,13.32,0.00,0.00,0.00,2.72,0.00,0.00,0.00,0.00,0.00,0.00,0.00,0.00,0.00,0.00,0.00,0.00,0.00,0.00,0.00,0.00,0.00,0.00,8.77,7.16
0.00,0.00,2.98,0.00,0.00,0.00,0.00,0.00,0.00,0.00,0.00,0.00,0.00,0.00,0.00,0.00,0.00,0.00,0.00,0.00,0.00,0.00,0.00,0.00,0.00,0.00,0.00,0.00,0.00,0.00
0.00,0.00,0.00,0.00,0.00,0.00,0.00,3.43,3.86,0.00,0.00,0.00,0.00,0.00,0.00,0.00,0.00,0.00,0.00,0.00,0.00,0.00,0.00,0.00,0.00,0.00,0.00,0.00,0.00,0.00
0.00,0.00,0.00,0.00,0.00,0.00,0.00,0.00,6.11,7.20,0.00,0.00,4.60,0.00,11.25,0.00,0.00,0.00,0.00,0.00,0.00,6.01,0.00,0.00,0.00,0.00,0.00,0.00,0.00,0.00
0.00,0.00,3.16,7.01,9.46,5.19,12.62,0.00,0.00,0.00,4.09,0.00,3.79,0.00,6.74,0.00,0.00,0.00,0.00,0.00,0.00,0.00,0.00,0.00,13.34,3.22,0.00,0.00,0.00,0.00
0.00,0.00,0.00,0.00,0.00,0.00,0.94,0.00,0.00,0.00,0.00,0.00,0.00,2.49,0.00,0.00,0.00,0.00,0.00,0.00,5.85,0.00,0.00,0.00,0.00,12.57,1.54,23.95,0.00,6.41
0.00,0.00,1.55,0.00,0.00,0.00,12.16,8.01,0.00,0.00,0.00,2.95,0.00,0.00,0.00,0.00,0.00,0.00,0.00,0.00,0.00,0.00,0.00,12.98,2.75,0.00,0.00,0.00,1.36,0.00
0.00,0.00,0.00,0.00,0.00,0.00,0.00,0.00,1.16,0.00,0.00,9.39,0.00,0.00,0.33,17.43,0.00,9.12,0.00,0.00,0.00,0.00,0.00,0.00,0.00,0.00,0.00,0.00,0.00,0.00
0.00,0.00,2.60,15.79,5.95,13.41,8.55,3.41,0.00,0.00,0.00,0.00,0.00,0.00,0.00,0.00,0.00,1.24,0.00,0.00,0.00,0.00,0.00,19.56,0.00,0.00,0.00,0.00,0.00,0.00
0.00,0.00,0.00,0.00,1.92,0.00,8.33,0.00,7.20,23.37,0.00,7.60,0.00,14.95,0.00,0.00,0.00,0.00,0.00,0.00,0.00,5.21,0.00,15.59,0.00,0.00,0.00,0.00,0.00,0.00
0.00,0.00,8.80,0.00,2.79,12.02,6.17,12.80,0.00,0.00,0.00,0.00,0.00,0.00,0.00,0.00,0.00,0.00,0.00,0.00,0.00,0.00,1.27,0.00,0.00,0.00,0.00,0.00,0.00,0.00
0.00,0.00,0.00,0.00,1.67,5.37,0.00,0.00,0.00,0.00,0.00,0.00,0.00,7.06,6.84,0.00,16.06,0.00,0.00,0.00,0.00,0.00,0.00,0.00,0.00,0.18,0.00,0.00,0.00,0.00
0.00,0.00,0.00,0.00,0.00,0.00,0.00,3.63,4.37,0.00,0.00,6.30,0.00,0.04,0.00,0.00,1.19,0.98,2.82,0.00,0.00,0.00,0.00,0.00,0.00,0.00,0.00,0.00,0.00,0.00
0.00,0.00,0.00,0.00,0.00,0.00,0.00,0.00,0.00,0.00,0.68,0.00,0.00,0.00,0.00,0.00,0.00,0.00,5.03,2.17,0.00,0.00,0.78,0.00,0.00,0.00,0.00,0.00,0.00,2.06
0.00,0.00,0.00,0.00,0.00,6.81,9.82,0.00,2.27,13.74,16.97,7.88,14.60,26.32,0.00,0.00,0.00,0.00,0.00,0.00,0.00,1.84,0.00,0.00,0.00,0.00,0.00,0.00,0.00,0.00
0.00,0.00,11.40,9.72,5.39,10.76,0.00,0.00,0.00,0.00,0.00,0.00,0.00,0.00,0.00,0.00,0.00,7.26,0.00,2.63,7.31,1.78,0.00,0.00,0.00,0.00,0.00,0.00,0.00,0.00
0.00,0.00,0.00,0.00,8.03,4.61,0.00,0.00,0.00,16.16,0.00,0.00,17.70,0.00,18.55,0.00,0.00,0.00,0.00,0.00,0.00,0.00,0.00,0.00,0.67,0.00,0.00,0.00,0.00,11.56
0.00,0.00,1.75,0.00,0.00,0.00,9.96,0.00,0.00,0.00,0.00,0.00,0.00,0.00,9.93,0.00,6.67,0.00,0.00,0.00,0.00,0.00,0.00,0.00,0.00,0.00,0.00,0.00,0.00,0.00
0.00,0.00,2.42,0.00,0.00,22.21,0.00,7.01,0.00,7.50,0.00,0.00,0.00,0.00,0.00,2.99,0.00,0.00,0.00,0.00,0.00,0.00,9.21,0.00,0.00,0.00,0.00,0.00,0.00,0.00
0.00,0.00,7.62,0.00,1.61,0.00,0.00,0.00,0.00,0.00,0.00,0.00,0.00,0.00,0.00,0.00,0.00,0.00,0.00,7.91,7.92,0.00,7.51,0.00,1.72,0.00,0.00,23.06,0.00,0.00
0.00,0.00,0.00,0.00,0.00,0.00,20.84,2.71,0.00,0.00,17.01,0.00,0.00,0.00,0.00,0.00,0.00,6.51,4.74,6.40,20.14,0.00,0.00,0.00,0.00,0.00,0.00,0.00,0.00,0.00
0.00,0.00,3.99,0.00,0.00,0.00,0.00,0.00,0.00,0.00,0.00,0.00,0.00,0.00,0.00,0.00,0.00,0.00,0.00,0.00,0.00,0.00,0.00,0.00,0.00,0.94,7.11,0.00,0.00,0.00
0.00,0.00,8.14,0.00,2.13,0.00,0.00,0.00,11.69,0.00,0.00,2.92,0.00,0.00,0.00,0.00,0.00,0.00,0.00,0.00,0.00,0.00,0.00,0.00,0.00,0.00,0.00,1.00,3.62,0.00
0.00,0.00,6.23,0.40,0.22,1.44,0.00,0.00,0.00,0.00,0.00,0.00,0.00,0.00,0.00,0.00,9.19,0.00,5.87,0.00,7.43,0.00,0.00,0.00,0.00,0.00,0.00,0.00,2.36,4.73
0.00,0.00,5.37,0.00,0.00,0.00,2.43,0.00,0.00,0.00,0.00,0.00,0.00,0.00,0.00,9.44,0.00,8.12,0.00,14.47,6.41,13.59,0.00,0.00,0.00,0.00,0.00,0.00,0.00,0.00
0.00,0.00,12.67,0.07,6.66,1.11,2.12,1.84,0.00,8.76,1.97,0.00,0.00,39.73,0.00,0.00,0.00,4.08,0.00,0.00,0.00,0.00,22.42,0.00,0.00,0.00,0.00,0.00,0.00,0.00
0.00,0.00,1.56,8.06,0.00,4.65,0.00,0.00,0.00,0.00,0.00,0.00,0.00,0.00,0.00,0.00,3.54,0.00,4.67,0.00,0.00,0.00,9.54,0.00,5.13,10.37,3.91,0.00,0.00,0.00
0.00,0.00,0.00,0.02,0.00,0.00,0.00,0.00,0.00,0.00,0.00,0.00,0.85,0.00,0.00,0.00,6.36,0.00,0.00,0.00,0.00,0.00,0.00,0.00,0.00,3.46,0.00,4.44,0.00,0.00
0.00,0.00,0.00,0.00,0.00,0.00,0.00,0.00,0.00,11.37,0.00,0.00,0.00,2.72,7.63,0.00,0.00,0.00,2.38,0.00,0.00,0.00,0.00,0.00,8.36,0.00,0.00,0.00,0.00,0.00
0.00,0.00,0.00,0.00,0.00,0.00,3.84,0.62,8.88,0.00,12.20,0.00,0.00,0.00,0.00,0.00,0.00,0.00,0.00,0.00,0.00,0.00,0.00,0.00,0.00,3.83,5.66,5.12,18.72,0.00
0.00,0.00,0.00,0.00,0.00,0.00,0.00,0.00,0.00,9.78,0.00,0.00,0.00,0.00,0.00,0.00,0.00,0.00,0.00,0.00,0.00,0.00,0.00,0.00,4.89,0.00,0.00,5.50,8.41,0.00
0.00,0.00,8.90,0.00,2.89,0.00,0.00,0.00,0.00,0.00,6.09,0.00,0.00,9.45,7.66,0.00,0.00,2.67,0.26,0.00,0.00,0.00,0.00,0.00,0.00,0.00,0.00,0.00,0.00,0.00
0.00,0.00,0.00,0.00,0.00,0.00,0.00,18.72,0.00,1.85,0.00,0.00,0.00,0.00,0.00,0.00,0.00,0.00,0.00,0.00,0.00,0.00,2.23,1.86,0.00,9.55,0.00,0.00,0.00,0.00
0.00,0.00,0.00,0.00,0.00,0.00,0.00,0.00,0.00,0.00,0.00,9.63,0.00,0.00,0.00,0.00,0.00,0.00,0.00,0.00,0.00,0.00,22.71,0.00,10.55,0.00,0.00,0.00,0.00,0.00
0.00,0.00,0.00,7.27,0.00,2.30,0.25,0.00,2.30,0.00,0.00,0.60,0.00,0.00,8.61,0.16,1.75,3.02,0.00,3.30,7.98,16.14,0.00,0.00,0.00,0.00,0.00,0.00,0.00,0.00
0.00,0.00,0.00,10.36,0.00,5.38,0.00,0.00,0.00,0.00,0.00,0.00,2.38,0.00,0.05,1.42,0.00,0.00,0.00,6.93,0.00,11.80,0.85,4.26,0.00,0.00,0.00,0.00,0.00,0.00
0.00,0.00,0.00,0.00,0.00,0.00,0.00,0.00,0.00,0.26,0.00,0.00,0.00,0.00,0.00,0.00,0.00,10.01,0.00,0.00,0.00,0.00,0.00,0.00,0.00,0.00,0.00,0.00,8.36,17.08
0.00,0.00,3.75,0.00,0.00,0.00,0.00,0.00,6.04,0.00,0.00,0.00,11.88,0.00,7.15,0.00,0.00,0.00,16.91,0.00,0.92,0.00,5.91,12.90,0.00,0.00,0.00,0.00,0.00,0.13
0.00,0.00,7.65,11.22,1.65,12.25,6.38,9.44,0.00,0.00,0.00,0.00,0.00,0.00,0.00,0.00,0.00,0.00,0.00,7.99,0.00,0.00,0.00,0.00,0.00,0.00,0.00,0.00,0.00,0.00
0.00,0.00,0.00,2.46,10.83,0.00,0.00,0.00,0.00,0.00,0.00,0.00,0.00,0.00,0.00,0.00,0.00,0.00,4.60,0.00,0.00,0.00,0.00,0.00,0.00,0.00,0.00,0.00,0.00,0.00
0.00,0.00,2.89,12.93,1.75,10.84,4.64,0.00,0.00,0.00,0.00,0.00,0.00,0.00,0.00,9.30,0.00,0.00,0.00,29.82,0.00,0.00,3.18,0.00,12.88,0.00,1.73,0.00,0.00,0.00
0.00,0.00,0.00,1.34,10.10,1.24,4.64,9.04,14.74,0.00,0.00,0.00,0.00,0.00,0.00,6.66,3.56,22.75,13.44,0.00,0.00,14.47,5.34,0.00,0.00,0.00,0.00,0.00,0.00,9.39
0.00,0.00,1.51,0.00,0.00,2.02,0.00,4.59,0.00,6.68,9.26,0.00,3.28,7.22,25.84,0.00,0.00,0.00,0.00,1.22,0.00,0.00,0.00,0.03,0.00,0.00,1.24,0.00,0.00,0.00
0.00,0.00,0.00,0.00,0.00,4.52,0.00,0.00,0.00,0.00,0.00,8.77,0.00,0.00,4.52,0.00,0.00,0.00,0.00,0.00,0.00,0.83,0.00,0.00,0.00,0.00,0.00,0.00,0.00,0.00
0.00,0.00,0.00,0.00,0.00,0.00,0.00,0.00,0.00,0.00,0.00,0.42,15.27,0.00,6.64,0.00,13.21,0.00,0.00,0.00,0.00,0.00,10.50,0.00,9.85,0.00,0.00,1.95,0.00,0.00
0.00,0.00,7.90,0.00,1.89,0.00,0.00,0.00,0.00,5.70,7.72,4.18,19.41,14.72,0.00,0.00,0.00,0.00,0.00,0.00,0.00,0.00,0.00,0.00,0.00,0.00,0.00,0.17,0.00,0.00
0.00,0.00,0.00,0.00,0.00,0.00,0.00,0.00,0.00,0.00,0.00,0.00,13.22,0.00,0.00,0.00,0.00,3.21,0.00,0.00,0.00,0.00,0.00,0.00,2.67,0.00,0.08,6.01,0.00,0.83
0.00,0.00,0.00,0.00,0.00,0.00,0.00,30.90,0.00,14.28,0.00,3.16,0.00,0.00,13.19,0.00,0.00,0.00,6.15,1.07,0.00,0.00,0.00,0.00,0.00,0.00,0.00,0.00,0.00,8.52
0.00,0.00,0.00,0.00,0.00,0.00,0.00,0.00,0.00,0.00,0.00,9.91,0.00,0.00,0.00,0.00,0.00,0.00,0.00,0.00,0.00,0.00,2.03,0.00,0.00,1.84,0.00,0.00,0.00,0.00
0.00,0.00,0.00,0.00,0.00,14.37,2.47,0.00,0.18,20.04,8.84,0.00,11.42,0.00,13.03,11.96,0.00,0.00,0.00,0.00,0.00,0.00,0.00,0.00,0.00,0.00,0.00,0.00,0.00,0.00
0.00,0.00,8.04,0.00,2.04,0.00,1.48,6.96,0.00,15.12,1.64,14.01,0.00,4.61,0.00,3.98,0.00,0.00,0.00,0.00,0.00,0.00,0.00,0.00,0.00,0.00,0.00,0.44,10.96,11.59
0.00,0.00,8.72,6.49,6.51,7.52,12.52,4.68,0.00,0.00,0.00,0.00,0.00,0.00,0.00,0.00,0.00,0.00,4.18,0.00,0.00,0.00,0.00,0.00,0.00,0.00,0.00,0.00,0.00,9.52
0.00,0.00,0.00,0.00,0.79,0.00,0.00,0.00,0.00,0.00,0.00,10.10,0.00,2.04,0.00,0.00,0.00,0.00,0.00,4.69,7.22,0.00,10.93,10.12,0.00,0.00,0.00,0.00,0.00,0.00
0.00,0.00,0.00,0.00,0.00,0.00,0.00,0.00,4.46,0.00,0.00,12.29,2.55,2.94,0.00,7.52,0.00,0.00,0.00,0.00,0.00,0.00,0.00,0.00,0.00,0.00,0.00,0.00,0.17,0.00
0.00,0.00,1.62,5.16,3.84,1.80,5.45,0.00,0.00,5.72,0.00,4.71,1.79,15.85,0.00,0.00,0.00,0.00,5.17,4.63,0.00,8.12,14.04,0.00,0.00,0.00,0.00,0.00,0.00,0.00
0.00,0.00,0.00,0.00,0.00,0.00,0.00,0.00,0.00,7.11,0.00,0.00,0.00,0.00,2.33,0.00,0.00,7.13,8.09,0.00,0.00,0.00,0.00,0.00,0.00,5.39,0.00,3.26,0.00,12.85
0.00,0.00,2.82,0.00,0.00,0.00,0.00,19.80,4.96,6.13,12.21,9.98,0.00,0.00,0.00,0.00,0.00,0.00,0.00,0.00,0.00,0.00,0.00,0.00,0.00,0.00,0.00,30.45,6.37,0.00
0.00,0.00,4.22,0.00,0.00,10.84,6.30,6.11,5.54,3.25,0.00,0.00,0.00,0.00,0.63,0.00,0.00,0.00,0.00,0.00,0.00,0.00,0.00,0.00,0.00,0.00,0.00,0.00,0.00,0.00
0.00,0.00,0.00,0.00,0.00,0.00,0.00,0.00,0.00,0.00,0.00,0.00,0.00,0.00,0.00,0.00,6.17,4.14,0.00,12.10,13.79,19.88,2.29,8.31,0.00,0.00,0.00,0.00,0.00,0.00
0.00,0.00,0.00,0.00,0.00,3.22,0.00,0.00,0.00,0.00,0.00,0.00,0.00,11.27,0.00,0.00,0.00,0.00,0.77,0.00,0.00,0.00,0.00,0.00,0.00,0.00,0.00,0.00,0.00,0.00
0.00,0.00,3.84,0.00,0.00,0.00,0.00,0.00,0.00,0.00,0.00,0.00,0.00,0.00,0.00,12.12,0.00,0.00,0.00,0.00,0.00,0.00,0.00,0.00,9.14,0.00,0.00,0.00,0.00,0.00
0.00,0.00,0.00,0.00,0.00,0.00,0.00,0.00,0.00,0.00,6.70,11.94,0.00,0.00,13.34,1.02,0.00,0.00,0.00,0.00,0.00,0.00,0.00,0.00,0.00,0.00,0.00,0.00,0.00,0.00
0.00,0.00,0.54,0.00,0.00,0.00,9.63,0.00,0.00,4.12,6.52,3.80,0.00,0.00,2.25,0.00,10.08,0.00,0.00,0.00,0.43,0.00,0.00,0.00,0.00,0.00,0.00,0.00,0.00,0.00
0.00,0.00,0.00,0.00,10.54,0.00,0.00,0.00,11.27,5.04,0.00,0.00,0.00,0.00,0.00,0.00,0.00,0.00,0.00,0.00,7.07,5.95,0.00,0.00,2.34,6.21,0.00,0.00,0.00,0.00
0.00,0.00,0.00,0.00,18.06,9.20,1.26,8.78,4.86,0.00,0.00,0.00,1.56,5.91,10.46,14.30,0.00,0.00,0.00,0.00,0.00,0.00,2.65,0.00,29.30,5.03,0.00,0.00,0.00,0.00
0.00,0.00,6.02,0.00,0.01,0.00,1.91,0.00,0.00,0.00,0.00,0.00,0.00,7.07,0.00,7.42,0.00,0.00,0.00,0.00,0.00,0.00,2.32,0.00,0.00,0.00,0.00,0.00,0.00,0.00
0.00,0.00,12.06,6.98,6.05,8.02,11.27,5.40,0.00,0.00,0.00,0.00,0.00,0.00,0.00,0.00,0.00,0.00,0.00,0.00,0.00,0.00,0.00,0.00,0.00,4.23,13.62,0.00,26.04,1.23
0.00,0.00,0.00,0.00,0.00,0.00,0.00,13.03,14.78,0.44,12.33,4.17,0.00,0.00,0.00,0.00,0.00,0.00,0.00,0.00,0.00,0.00,3.21,2.37,0.00,0.00,0.00,0.00,0.00,0.00
0.00,0.00,0.00,0.00,0.00,0.68,0.00,9.56,5.32,5.95,0.00,0.00,0.00,0.00,0.00,0.00,0.00,0.00,0.00,5.31,7.92,0.00,0.00,3.64,0.00,0.00,11.89,8.91,2.59,0.00
0.00,0.00,0.42,0.00,0.00,15.42,0.00,0.00,0.00,7.68,0.00,1.15,0.00,0.00,0.00,0.00,0.00,0.00,0.00,0.00,0.00,0.00,0.00,0.00,0.00,0.00,0.00,0.00,0.00,0.00
0.00,0.00,0.00,0.00,0.00,6.59,0.00,0.00,0.00,0.90,0.00,0.00,0.00,0.00,0.00,0.00,0.00,0.00,0.00,0.00,0.00,0.00,0.00,0.00,0.00,0.00,0.00,0.00,7.60,0.00
0.00,0.00,3.14,0.00,0.00,0.00,0.00,6.76,7.64,0.00,13.15,0.00,0.00,0.00,0.00,0.00,0.00,0.00,0.00,0.00,0.00,0.00,0.00,0.00,0.00,0.00,0.00,0.00,0.00,0.00
0.00,0.00,1.32,0.00,0.00,0.00,8.65,0.00,0.00,9.86,6.78,1.08,0.00,0.00,0.00,0.00,0.00,0.00,0.00,0.00,0.00,0.00,0.00,0.00,2.58,0.71,0.00,0.00,0.00,0.00
0.00,0.00,0.00,0.00,0.00,13.63,0.00,0.00,0.00,14.40,0.00,0.00,0.00,0.00,0.00,3.83,9.95,20.64,5.96,0.51,0.00,0.00,0.00,0.00,0.00,0.00,0.00,0.00,0.00,0.00
0.00,0.00,0.00,0.00,0.00,0.00,0.00,0.00,0.00,3.79,3.79,7.67,0.00,14.06,0.00,0.00,0.00,0.00,0.00,0.00,0.00,0.00,0.00,0.48,0.00,3.64,0.00,0.00,0.00,0.00
0.00,0.00,19.29,0.00,13.28,0.00,10.65,0.00,0.00,0.00,0.00,0.00,0.00,0.00,0.00,0.00,0.00,0.00,0.00,0.00,0.00,0.00,0.00,0.00,0.00,0.00,0.00,0.00,0.00,0.00
0.00,0.00,0.00,0.00,16.13,0.00,0.00,1.47,5.56,2.34,0.64,0.00,10.25,0.00,2.79,0.00,0.00,0.00,0.00,0.00,0.00,0.00,0.00,1.18,0.00,0.00,0.00,0.00,0.00,0.00
0.00,0.00,0.00,0.00,0.00,13.13,0.00,1.31,1.26,0.00,0.00,0.00,0.00,0.00,0.00,0.00,0.00,0.00,0.00,0.00,0.00,0.00,0.00,1.25,0.00,8.37,8.93,1.93,24.14,0.00
0.00,0.00,0.91,0.00,0.00,0.00,0.00,0.00,0.00,0.00,0.00,0.00,11.76,5.00,0.00,8.81,7.27,0.00,11.46,0.00,23.46,0.00,0.00,0.00,0.00,6.82,0.00,9.63,0.00,0.00
0.00,0.00,0.00,0.00,3.44,1.47,0.00,8.31,0.00,13.17,0.00,0.00,0.00,0.00,0.00,0.00,1.00,0.00,2.97,0.00,3.22,0.00,0.00,0.00,0.00,0.00,0.00,0.00,0.00,0.00
0.00,0.00,0.00,0.00,0.00,12.53,0.00,0.00,0.00,16.91,0.00,0.00,0.00,0.00,0.00,7.91,0.00,0.00,0.00,3.25,8.07,0.00,17.20,6.59,0.00,0.00,0.00,0.00,0.00,0.00
0.00,0.00,0.00,0.00,0.00,0.00,0.00,0.00,0.00,0.00,0.00,0.00,0.00,0.00,0.00,0.00,0.00,0.00,0.00,0.00,0.81,0.00,0.00,0.00,0.00,0.00,0.00,12.66,0.00,0.00
0.00,0.00,0.00,0.00,11.07,25.20,0.00,20.38,7.28,0.00,0.00,0.00,0.00,0.00,2.04,6.41,0.00,0.00,0.00,0.00,0.00,9.67,0.00,0.00,4.46,0.00,0.00,0.00,0.00,0.00
0.00,0.00,0.00,0.00,0.00,0.00,0.00,16.67,11.27,0.00,0.00,16.25,0.00,0.00,0.00,0.00,0.00,0.00,0.00,0.00,6.87,14.47,2.90,0.00,0.00,15.30,15.01,0.00,0.00,0.00
0.00,0.00,6.15,4.52,0.14,5.55,0.54,0.00,0.00,0.00,0.00,0.00,0.00,0.00,0.00,0.00,1.19,0.00,0.00,6.85,5.63,3.38,0.00,11.64,20.98,0.00,0.00,0.00,0.00,0.00
0.00,0.00,0.00,0.00,0.00,0.00,0.00,0.00,0.00,0.00,0.00,0.00,0.00,0.00,0.00,0.00,0.00,0.00,0.00,0.00,2.48,0.00,0.00,0.00,24.89,0.37,12.08,12.15,0.19,2.74
0.00,0.00,10.42,0.00,4.41,7.44,1.94,3.68,0.00,0.00,0.00,0.00,0.00,0.00,0.00,0.00,0.00,0.00,0.00,0.00,0.00,0.00,0.00,0.00,0.00,0.00,0.00,0.00,0.00,0.00
0.00,0.00,0.00,4.46,0.00,0.00,0.00,0.00,0.00,0.00,7.47,0.00,10.53,0.00,0.00,1.75,0.00,0.00,0.00,0.00,0.00,0.00,0.00,0.00,0.00,0.00,0.00,0.00,0.00,0.00
0.00,0.00,0.00,0.84,0.00,0.00,0.00,0.00,0.00,0.00,0.00,0.00,0.00,0.00,0.00,0.00,0.00,0.00,6.48,14.70,0.00,0.00,22.85,13.81,0.00,0.00,0.00,8.83,0.00,0.00
0.00,0.00,0.00,0.00,3.59,11.20,0.00,0.00,2.59,0.00,0.00,0.00,23.34,0.00,0.00,7.39,4.53,12.74,5.06,0.00,0.00,0.00,0.00,0.00,0.00,0.00,2.82,0.00,0.00,13.49
0.00,0.00,0.00,0.00,0.00,0.00,0.00,0.00,0.00,0.00,0.00,0.09,0.00,0.00,0.00,0.00,0.00,0.00,1.79,9.32,2.99,0.00,11.11,2.60,0.00,0.00,0.00,15.25,0.00,0.00
0.00,0.00,0.00,0.00,0.00,1.35,12.25,0.00,1.71,0.00,0.00,0.00,0.00,1.67,0.00,0.00,0.00,0.00,0.00,0.00,21.30,0.00,0.00,11.33,4.36,0.00,0.00,0.00,0.00,0.00
0.00,0.00,0.00,0.00,2.69,12.11,0.00,0.00,0.00,0.00,0.00,0.00,0.00,0.00,0.44,9.75,0.00,6.07,5.90,0.00,0.00,0.00,0.00,0.00,0.00,0.00,0.00,0.00,0.00,0.00
0.00,0.00,0.20,0.00,0.00,0.00,0.00,1.10,3.85,1.56,0.00,3.03,0.00,4.40,0.00,0.00,0.00,8.14,0.00,0.00,0.00,0.00,0.00,0.41,2.60,0.00,6.28,4.65,0.00,0.00
0.00,0.00,0.00,0.00,4.99,0.00,0.00,0.00,0.00,0.00,0.00,0.00,0.00,0.00,0.00,0.00,0.00,0.00,0.00,0.00,0.00,0.00,0.00,0.00,0.00,0.00,0.00,0.00,0.00,0.00
0.00,0.00,5.25,0.00,0.00,10.16,3.25,4.64,0.00,2.13,1.35,0.00,0.00,0.00,0.00,0.00,3.13,0.00,0.00,0.00,0.00,0.00,0.00,0.00,0.00,0.00,0.00,0.00,0.00,0.00
0.00,0.00,7.13,4.48,1.12,5.51,12.37,1.28,13.40,0.00,1.23,13.22,0.00,0.00,0.00,0.00,0.00,0.00,0.00,0.00,0.00,0.00,0.00,0.00,0.00,0.00,0.00,0.00,0.00,0.00
0.00,0.00,0.00,0.00,0.00,12.19,0.95,0.00,0.00,0.00,0.00,0.00,0.00,0.00,0.00,0.00,0.00,0.00,0.00,0.00,0.00,0.00,0.00,0.00,0.00,0.00,0.00,0.00,0.00,0.00
0.00,0.00,0.00,0.00,0.00,0.00,0.91,0.13,2.68,0.00,0.00,0.00,10.37,12.42,0.00,4.05,30.53,0.25,0.00,0.00,0.00,0.00,0.00,0.00,0.00,0.00,0.00,0.00,0.00,0.00
0.00,0.00,7.68,0.00,1.67,0.00,0.00,0.00,0.00,0.00,0.00,0.00,0.00,0.00,0.00,0.00,0.00,0.00,0.00,0.00,6.93,0.00,7.31,0.00,0.00,0.00,0.00,0.00,0.00,0.00
0.00,0.00,1.73,2.38,10.73,0.00,11.60,0.00,0.00,0.00,0.00,0.00,0.00,0.00,0.00,2.30,3.42,0.00,0.00,0.00,0.00,0.00,0.00,0.00,0.00,0.00,0.00,0.00,0.00,0.00
0.00,0.00,0.00,0.00,0.00,8.29,12.85,2.36,0.00,26.82,1.11,0.00,0.00,0.00,0.00,0.00,10.53,6.07,0.00,0.00,0.00,0.00,0.00,6.32,6.81,0.00,0.00,0.00,0.00,0.00
0.00,0.00,0.09,7.86,0.00,2.98,0.00,0.00,0.00,0.00,1.48,0.00,9.50,0.00,0.00,0.00,0.00,0.00,0.02,0.00,0.00,0.00,1.82,0.00,0.00,0.00,0.00,9.26,0.00,7.34
0.00,0.00,2.57,0.00,0.00,0.00,0.00,0.00,0.00,0.00,0.22,0.00,0.00,0.00,0.00,0.00,0.00,0.00,0.00,12.75,0.00,1.48,9.19,18.40,0.00,0.00,0.00,0.00,0.00,0.00
0.00,0.00,5.24,0.00,0.00,0.00,0.00,0.00,0.00,0.00,0.00,0.00,0.00,0.00,0.00,0.00,6.94,25.57,0.00,13.60,4.40,19.10,0.00,0.00,0.00,0.00,0.00,0.00,0.00,7.24
0.00,0.00,0.00,0.00,0.00,5.37,0.00,5.84,0.00,11.61,0.00,0.00,0.00,0.00,0.00,0.00,0.00,0.00,0.00,0.00,7.49,0.00,0.00,0.00,0.00,0.00,0.00,0.00,0.00,0.00
0.00,0.00,7.05,14.99,1.04,16.02,0.00,0.00,0.00,0.00,0.00,0.00,0.00,0.00,6.83,7.86,0.00,0.00,0.00,0.00,12.78,0.00,0.00,0.00,0.00,0.00,0.00,0.00,0.00,0.00
0.00,0.00,0.00,0.00,0.00,0.00,0.05,0.00,0.00,0.00,2.50,15.06,11.68,11.00,15.86,0.32,0.00,0.00,6.88,0.00,0.00,0.00,0.00,0.00,2.22,0.00,13.68,0.00,0.00,0.00
0.00,0.00,0.00,0.00,0.00,0.00,0.00,0.00,0.00,0.00,0.87,8.71,0.00,0.00,0.00,0.00,0.58,0.00,0.00,0.00,0.00,0.00,0.00,0.00,0.00,0.00,0.00,0.00,0.00,0.00
0.00,0.00,0.00,0.00,0.73,0.00,10.84,2.17,7.32,1.33,6.20,16.51,0.17,7.10,9.46,0.00,0.00,0.00,0.00,0.00,0.00,0.00,0.00,0.00,0.00,0.00,0.00,0.00,0.00,0.00
0.00,0.00,0.00,18.50,0.00,13.53,1.57,5.96,1.32,0.00,33.05,0.99,0.00,0.00,0.00,0.00,2.92,0.00,0.00,0.00,0.00,0.00,0.00,0.00,0.00,0.00,0.00,0.00,0.00,0.00
0.00,0.00,0.00,0.00,0.00,0.00,0.00,0.00,0.00,0.00,4.95,0.00,0.00,0.00,0.00,0.00,0.00,0.00,0.00,0.00,0.00,0.00,0.00,0.00,0.00,0.00,0.00,0.00,0.00,6.20
0.00,0.00,0.00,3.88,3.78,0.00,4.00,1.85,12.51,0.00,0.00,0.00,0.00,0.00,0.00,7.73,3.79,0.00,6.02,10.63,24.22,0.00,0.00,0.00,1.68,0.00,0.00,0.00,0.00,0.00
0.00,0.00,0.00,0.00,4.49,0.00,0.00,0.00,0.00,0.00,0.00,0.00,11.08,0.00,6.14,0.00,10.58,0.00,3.99,0.00,0.00,0.00,0.00,0.00,0.00,0.00,0.00,0.00,0.00,0.00
0.00,0.00,0.00,0.00,0.00,0.00,0.00,0.00,0.00,0.00,0.00,0.00,0.00,0.00,3.18,0.00,0.00,0.00,0.00,0.00,0.00,0.00,14.13,0.00,0.46,4.91,18.19,6.46,0.00,2.49
0.00,0.00,0.00,8.91,4.31,3.93,0.33,0.00,0.00,0.00,0.00,0.00,0.00,0.00,0.00,0.00,12.07,20.16,12.27,28.66,5.67,0.00,0.00,0.00,0.00,0.00,3.88,0.00,0.00,0.00
0.00,0.00,0.68,0.00,0.00,0.00,0.00,0.00,0.00,0.00,0.00,0.00,0.00,0.00,0.00,0.00,0.00,0.00,0.00,0.00,0.00,0.00,0.00,0.00,2.54,0.00,0.00,0.00,0.00,14.52
0.00,0.00,0.00,0.00,0.00,0.00,7.16,0.00,0.00,0.00,0.00,0.00,0.00,0.00,0.00,0.00,0.00,0.00,0.00,0.00,0.94,0.00,0.00,0.00,0.00,0.00,0.00,0.00,0.00,0.00
0.00,0.00,0.00,0.00,12.09,0.00,0.00,0.00,6.03,0.00,4.79,11.20,13.96,4.40,0.00,0.00,1.39,0.00,0.00,5.71,0.00,0.00,0.00,0.00,0.00,0.00,0.00,0.00,0.00,8.44
0.00,0.00,0.00,0.00,9.38,0.00,0.98,0.00,4.40,0.00,0.00,0.00,0.00,0.00,0.00,0.00,11.98,0.00,6.66,0.00,11.93,0.00,0.00,18.29,28.27,0.00,0.00,0.00,0.00,0.00
0.00,0.00,6.88,5.23,0.88,6.26,0.00,12.61,0.00,0.00,3.52,0.00,0.00,0.00,0.00,0.00,0.00,0.00,0.00,0.00,0.00,0.00,0.00,0.00,0.00,0.00,0.00,0.00,0.00,0.00
0.00,0.00,0.52,14.73,6.84,10.27,7.35,5.18,0.00,0.00,0.00,0.00,0.00,0.00,0.00,0.00,0.00,5.23,0.00,23.39,0.00,0.00,0.00,0.00,0.00,0.00,0.00,0.00,0.00,0.00
0.00,0.00,3.53,5.43,0.00,3.99,0.00,0.00,0.00,6.07,13.59,12.82,14.51,0.52,1.38,0.00,0.00,0.00,0.00,0.00,0.00,0.00,0.00,0.00,0.00,0.00,0.00,2.33,0.00,8.76
0.00,0.00,0.00,0.00,0.00,0.00,0.00,0.00,0.00,0.00,0.00,4.06,0.00,0.00,0.00,0.00,0.00,0.00,0.00,0.00,0.00,2.35,1.77,3.90,2.94,0.00,0.00,0.00,0.00,0.00
0.00,0.00,0.00,0.00,0.00,0.00,0.00,0.00,6.16,10.75,0.00,0.00,0.00,0.00,0.00,0.00,0.00,10.15,0.00,0.00,0.00,0.00,0.00,0.00,0.00,1.38,22.05,2.89,0.00,0.00
0.00,0.00,0.00,1.25,7.10,13.04,0.00,17.66,0.00,0.00,0.00,0.00,0.00,0.00,0.00,0.00,0.00,0.00,0.00,0.00,0.00,0.00,0.00,0.00,0.00,0.00,1.28,0.00,0.00,0.00
0.00,0.00,0.00,0.00,1.19,17.53,0.00,0.00,4.55,13.46,0.00,0.00,0.00,0.00,0.00,0.00,0.00,0.00,2.09,0.00,0.00,0.00,0.00,0.00,0.00,0.00,0.00,0.00,0.00,5.90
0.00,0.00,14.14,0.00,8.13,0.00,0.00,0.00,0.00,0.00,0.00,0.00,0.00,0.00,0.00,8.75,0.00,0.00,0.00,4.45,0.00,0.00,0.00,0.00,0.00,0.00,0.00,0.00,0.00,0.00
0.00,0.00,6.69,0.00,0.68,0.00,0.00,3.37,20.19,0.00,4.78,12.37,2.42,0.00,0.00,0.16,15.22,19.40,0.00,0.00,0.00,0.00,0.00,0.00,0.00,19.70,0.00,0.00,0.00,0.00
0.00,0.00,11.36,0.00,5.35,0.00,0.00,0.00,0.00,0.00,0.00,0.00,0.00,0.00,14.52,0.00,0.00,0.00,0.00,0.00,0.00,0.00,10.09,0.00,0.00,0.00,0.00,0.00,0.00,0.00
0.00,0.00,0.00,0.00,0.00,0.00,6.96,0.00,0.00,0.00,0.00,0.00,0.00,0.00,0.00,0.00,0.00,0.00,0.00,0.00,5.86,0.00,0.00,0.00,9.82,0.00,0.00,0.00,9.28,0.00
0.00,0.00,0.00,6.78,1.08,1.81,0.00,0.00,1.89,0.00,0.00,7.14,1.61,0.00,6.58,15.61,0.00,0.00,0.00,0.00,5.68,6.08,0.00,0.71,0.00,0.09,0.00,29.76,0.00,0.00
0.00,0.00,0.00,0.00,0.00,0.00,12.31,0.00,0.00,0.00,0.00,0.00,0.00,0.00,0.00,0.00,0.00,0.00,0.00,0.00,0.00,0.00,0.00,0.00,0.00,0.00,0.00,5.02,0.08,0.00
0.00,0.00,6.21,1.47,0.20,7.71,0.00,12.88,0.00,0.00,0.00,0.00,0.00,0.00,0.00,0.00,0.00,0.00,0.00,0.00,0.00,0.00,0.00,0.00,0.00,0.00,0.00,0.00,0.00,0.00
0.00,0.00,0.00,0.00,0.00,0.00,4.09,0.00,0.00,5.52,1.13,6.76,0.00,0.00,0.00,0.00,0.00,0.00,25.89,13.42,20.22,24.94,3.32,0.00,0.00,0.00,10.91,18.32,0.00,0.00
0.00,0.00,0.00,0.00,0.00,0.00,0.00,4.48,0.00,0.00,0.00,0.00,0.00,0.00,0.00,0.45,14.76,0.00,8.89,0.00,5.82,0.00,0.00,0.00,0.00,0.00,0.00,0.00,0.00,0.00
0.00,0.00,0.00,0.00,0.00,6.78,0.87,0.00,0.00,0.00,0.00,0.00,0.00,0.00,0.00,0.00,0.00,0.00,0.00,4.84,0.00,6.22,20.24,9.57,17.72,0.00,6.19,0.00,0.00,0.00
0.00,0.00,0.00,0.00,16.52,0.00,7.98,0.00,36.05,0.00,0.00,0.00,0.00,0.00,0.00,0.00,0.00,0.00,0.00,0.00,0.00,0.00,0.00,0.00,0.00,0.00,0.00,0.69,6.90,0.00
0.00,0.00,10.10,4.32,4.10,5.35,0.00,5.02,0.00,0.00,0.00,1.50,9.36,0.00,14.86,0.00,0.00,0.00,2.14,16.55,0.00,0.00,0.00,0.00,0.00,0.00,0.00,0.00,0.00,0.00
0.00,0.00,0.00,11.95,2.05,6.97,1.85,0.84,17.44,0.00,21.59,0.19,11.27,0.00,0.00,0.00,0.00,0.00,0.00,0.00,0.00,0.00,0.00,0.00,0.00,13.09,0.00,0.00,0.00,0.00
0.00,0.00,0.70,6.75,0.00,2.47,0.00,0.00,6.86,18.77,0.00,9.99,0.00,12.71,0.00,0.00,0.00,0.00,0.00,0.00,0.00,0.00,0.00,0.00,0.76,0.00,2.37,13.07,2.23,9.69
0.00,0.00,0.00,2.20,5.42,2.89,0.00,7.73,0.00,0.05,0.00,0.00,6.32,16.45,0.00,12.13,0.00,10.08,2.06,0.00,0.00,0.00,0.00,0.00,0.00,0.00,0.00,0.00,0.00,0.00
0.00,0.00,0.00,0.00,0.00,0.00,0.00,0.00,12.93,0.00,5.51,0.00,0.00,12.59,0.00,10.69,0.00,0.00,0.00,0.00,0.00,0.00,0.00,0.00,0.00,12.38,0.00,0.00,0.00,0.00
0.00,0.00,0.00,0.00,0.35,0.00,0.00,0.00,0.00,3.46,0.43,0.00,0.00,0.00,0.00,0.00,0.00,0.00,0.00,0.00,0.00,7.46,0.00,0.00,0.00,5.18,0.00,0.00,0.00,0.00
0.00,0.00,5.88,0.00,0.00,0.00,0.00,0.00,0.00,0.00,0.00,0.00,0.00,0.00,5.66,0.00,6.90,1.09,0.00,0.00,0.00,0.00,0.00,0.00,0.00,0.00,0.00,0.00,0.30,0.00
0.00,0.00,4.35,0.00,5.53,0.00,9.25,0.00,0.00,0.00,0.00,0.00,0.00,0.00,0.00,0.00,0.00,0.00,0.00,0.00,0.00,0.00,0.00,0.00,0.00,0.00,0.00,0.00,0.00,0.00
0.00,0.00,0.00,0.00,0.00,0.00,0.00,0.00,0.00,0.00,0.00,0.00,0.00,0.00,0.00,0.00,0.00,0.00,0.00,0.00,6.70,16.29,1.78,9.28,17.21,0.00,0.00,0.00,0.00,0.00
0.00,0.00,0.00,0.00,0.00,0.64,0.00,0.00,0.00,4.31,6.59,0.00,0.00,0.00,5.69,1.37,1.29,8.51,8.84,9.28,0.00,0.00,0.00,0.00,0.00,0.00,0.00,0.00,0.00,0.00
0.00,0.00,0.00,6.20,3.46,1.22,1.74,0.00,0.00,0.00,0.00,0.00,0.00,0.00,0.00,0.00,0.00,0.00,0.00,0.00,8.89,0.00,5.24,0.00,0.00,0.00,0.00,0.00,0.00,0.00
0.00,0.00,0.00,0.00,0.14,4.74,0.00,0.00,4.00,3.17,0.00,0.00,12.06,0.00,0.00,0.00,29.23,0.00,0.00,0.00,0.00,0.00,0.00,4.12,1.17,0.00,0.00,0.00,0.00,0.00
0.00,0.00,0.00,0.84,18.65,0.00,9.96,0.00,0.00,0.00,0.00,0.00,0.00,0.00,0.00,0.53,9.98,4.95,0.00,0.00,0.00,0.00,0.00,0.00,0.00,0.00,0.00,0.00,0.00,0.00
0.00,0.00,1.40,0.00,0.00,0.00,0.00,0.00,0.00,0.00,0.00,0.00,0.00,5.16,0.00,0.00,0.00,0.00,0.00,0.00,0.00,0.00,0.00,0.00,0.00,0.00,0.00,0.00,0.00,0.00
0.00,0.00,20.59,0.00,14.58,0.00,0.00,0.00,0.00,0.00,0.00,0.00,0.00,0.00,0.00,0.00,0.00,0.00,0.00,0.00,0.00,0.00,0.00,0.00,0.00,0.00,15.03,0.00,11.76,9.49
0.00,0.00,0.00,0.00,0.00,0.00,4.12,28.71,0.00,11.00,0.00,0.00,0.00,0.00,0.00,0.00,0.00,18.82,0.00,0.00,0.00,0.00,0.00,0.00,0.00,7.10,0.00,0.00,0.00,0.00
0.00,0.00,14.22,7.13,8.21,8.16,0.00,0.00,0.00,0.00,0.00,0.00,0.00,0.00,5.55,0.00,0.00,0.00,0.00,10.08,0.02,0.00,0.00,0.00,0.00,0.00,0.00,0.00,0.00,0.00
0.00,0.00,0.00,0.00,2.56,5.35,3.62,0.00,9.12,0.00,1.63,0.00,0.00,0.00,0.00,0.00,0.00,0.00,0.00,0.00,0.00,0.00,0.00,0.00,2.91,0.00,0.00,0.00,2.12,0.00
0.00,0.00,10.08,0.00,4.08,6.10,3.17,11.89,0.00,9.05,0.14,1.03,0.00,0.00,0.00,0.00,0.00,0.00,0.00,0.00,0.00,0.00,0.00,0.00,0.00,0.00,0.00,0.00,0.00,10.34
0.00,0.00,0.00,0.00,0.24,14.72,22.29,8.13,24.39,0.00,0.00,0.00,0.00,0.00,0.00,0.00,0.00,2.70,0.00,0.00,0.00,0.00,0.00,0.00,0.00,0.00,0.00,0.00,0.00,1.45
0.00,0.00,0.00,0.00,0.00,9.31,16.58,0.00,5.10,0.00,0.00,0.00,0.00,0.00,0.00,0.00,0.00,0.00,0.00,0.00,0.00,0.00,0.00,0.00,0.00,0.00,0.00,0.00,0.00,0.00
0.00,0.00,13.47,1.03,7.47,2.07,0.00,0.87,0.00,0.00,8.65,0.00,0.00,0.00,0.00,0.00,0.00,0.00,0.00,2.55,12.64,0.00,13.66,18.46,0.00,0.00,0.00,0.00,6.65,0.00
0.00,0.00,0.00,4.30,0.00,4.45,13.46,8.07,11.09,0.00,0.00,0.00,0.00,0.00,0.00,0.00,0.00,0.00,0.00,0.00,0.00,0.00,0.00,0.00,0.00,0.00,0.00,0.00,0.00,0.00
0.00,0.00,7.25,0.00,1.24,0.00,0.00,0.00,0.00,0.00,0.00,0.00,0.00,0.00,0.00,0.00,0.00,0.00,0.00,0.00,0.00,0.00,0.00,0.00,3.95,4.54,0.00,9.46,0.00,0.00
0.00,0.00,19.97,0.00,13.96,0.00,0.00,0.00,0.00,0.00,2.31,0.00,0.00,0.00,0.00,0.00,15.21,0.92,19.27,4.41,0.00,0.00,0.00,0.00,0.00,0.00,0.00,0.00,0.00,0.00
0.00,0.00,0.00,0.00,14.61,10.48,1.94,12.77,0.00,0.19,0.00,0.00,0.00,0.00,0.00,3.78,2.18,0.00,3.05,0.00,0.00,0.00,0.00,0.00,0.00,0.00,2.14,0.00,0.00,0.00
0.00,0.00,0.00,0.00,0.00,4.81,2.73,0.00,1.62,3.24,0.00,0.00,0.00,0.00,0.00,16.87,0.00,4.94,1.68,0.00,0.00,0.00,0.00,0.00,0.00,0.00,0.00,0.00,8.02,1.66
0.00,0.00,0.00,0.00,0.00,7.81,0.00,0.00,0.00,0.00,0.00,0.00,25.90,0.00,19.02,0.00,0.00,0.00,0.00,0.00,0.00,0.00,0.00,0.00,0.00,0.00,0.00,0.00,0.00,0.00
0.00,0.00,0.00,0.00,0.00,0.00,0.00,2.53,21.75,0.00,12.64,0.00,0.00,0.00,0.00,0.00,16.84,0.03,2.43,0.00,13.34,4.73,3.14,19.45,3.08,0.00,0.00,0.00,5.57,2.30
0.00,0.00,0.00,0.00,0.00,3.96,0.00,0.00,0.00,9.07,0.00,0.00,0.00,0.00,3.82,0.00,0.00,0.00,0.00,0.00,0.00,0.00,0.00,0.00,0.00,0.00,0.00,0.00,0.00,9.56
0.00,0.00,0.00,11.75,11.35,6.77,8.92,3.34,4.73,0.00,0.00,0.00,0.00,0.00,0.00,14.04,0.00,0.00,0.00,0.00,0.00,0.00,0.00,0.00,0.00,0.00,0.00,0.00,15.90,0.00
0.00,0.00,0.00,0.00,0.00,0.00,0.00,7.52,0.00,0.00,0.00,10.62,0.09,9.81,0.00,0.00,0.00,0.00,0.00,0.00,0.00,2.61,3.33,0.00,0.00,10.24,0.00,0.00,0.00,10.40
0.00,0.00,11.83,0.00,5.82,0.00,0.00,0.00,0.00,0.00,0.00,7.11,6.70,0.00,0.00,11.78,0.00,0.00,0.00,0.00,0.00,0.00,0.00,0.00,0.00,0.00,0.00,0.00,0.00,0.00
0.00,0.00,0.00,0.00,0.00,0.00,0.00,0.00,0.00,0.00,0.00,0.00,1.92,11.24,0.00,6.31,0.00,0.00,0.00,0.00,0.00,0.00,0.00,4.02,0.00,0.00,0.00,14.23,0.00,0.00
0.00,0.00,0.00,0.00,0.00,1.18,0.00,0.00,0.00,7.83,12.41,0.00,2.57,4.43,0.00,0.00,0.00,0.00,0.00,0.00,0.00,0.00,0.00,0.00,0.00,0.00,0.00,0.00,0.00,0.00
0.00,0.00,0.00,0.00,0.00,0.00,0.00,0.00,0.00,0.00,0.00,0.00,0.40,0.00,0.00,0.00,0.54,0.00,3.65,7.71,0.57,6.53,0.00,0.00,0.00,0.00,0.00,3.36,4.78,15.83
0.00,0.00,13.68,0.00,7.67,0.00,2.98,0.00,0.00,0.00,14.49,3.56,0.00,0.00,0.00,0.00,0.00,0.00,0.00,0.00,15.43,0.00,11.60,0.00,1.29,0.00,0.00,0.00,0.00,0.00
0.00,0.00,0.00,0.00,4.02,0.00,0.00,0.00,0.00,0.00,0.00,0.00,0.00,0.00,0.00,0.00,13.35,16.47,0.00,9.35,17.69,0.00,0.00,0.00,0.00,0.00,0.00,0.00,0.00,0.00
0.00,0.00,17.36,0.00,11.35,0.00,0.00,0.00,0.00,0.00,0.00,0.00,0.00,0.00,0.00,0.00,0.00,3.20,0.22,0.67,0.00,1.47,10.58,0.00,0.00,0.00,0.00,0.00,0.00,0.00
0.00,0.00,0.00,0.00,0.00,24.34,0.00,0.00,0.00,11.04,0.00,0.00,0.00,0.00,0.00,0.00,3.77,0.00,0.39,5.66,29.51,0.00,0.00,0.00,0.00,4.96,0.00,2.96,0.00,0.00
0.00,0.00,5.57,0.00,0.00,10.28,1.42,5.65,0.00,0.00,0.00,0.00,17.59,16.81,17.00,25.59,7.58,0.00,0.00,0.00,0.00,0.00,4.90,0.00,0.00,0.00,0.00,0.00,0.00,0.00
0.00,0.00,0.00,0.00,0.00,0.00,0.00,0.00,0.00,0.00,0.00,0.00,4.86,1.37,0.00,0.00,0.00,5.77,0.00,0.00,0.00,0.00,0.00,0.00,0.00,0.00,0.00,0.00,0.00,0.00
0.00,0.00,0.00,0.00,0.00,0.00,0.00,0.00,10.45,0.00,0.00,0.00,0.00,0.00,0.00,0.00,0.00,0.00,9.13,3.12,0.00,17.17,13.84,0.00,0.00,0.00,0.00,0.00,0.00,0.00
0.00,0.00,0.00,0.21,0.00,0.00,0.00,0.00,0.00,0.00,0.00,0.00,0.00,0.00,0.00,0.00,0.00,0.00,0.00,0.00,0.00,14.12,0.00,0.00,0.00,0.00,0.00,0.00,0.00,0.00
0.00,0.00,0.00,0.00,0.00,0.00,10.52,0.00,0.00,0.00,0.00,0.00,0.00,0.00,0.00,0.00,0.00,0.00,0.00,0.00,0.00,0.00,0.00,0.00,0.00,0.00,0.00,0.00,0.00,0.00
0.00,0.00,14.91,0.00,8.90,0.00,0.00,0.00,0.00,0.00,0.00,0.00,0.00,0.00,0.00,0.00,0.00,0.00,0.00,0.00,1.21,0.00,11.49,0.00,0.00,0.00,0.00,0.00,0.00,0.00
0.00,0.00,5.49,0.00,0.00,0.00,0.00,0.00,0.00,10.38,0.00,0.00,2.68,6.61,0.00,0.00,0.00,0.00,0.00,0.00,0.00,0.00,8.69,0.00,3.01,3.73,8.93,0.00,0.00,0.00
0.00,0.00,15.39,0.00,9.38,0.00,0.00,0.00,0.00,0.00,0.00,0.00,0.00,5.86,0.00,0.00,0.00,0.00,0.00,0.00,0.00,0.00,0.00,0.00,0.00,0.00,0.00,0.00,0.00,0.00
0.00,0.00,0.00,0.00,0.00,24.23,0.00,0.00,1.41,21.90,11.84,0.00,0.00,0.00,0.00,0.00,0.00,0.00,9.23,17.28,0.00,0.00,0.00,0.00,9.27,4.49,0.00,0.00,0.00,0.00
0.00,0.00,0.00,0.00,0.00,0.00,0.00,0.00,0.00,2.16,4.89,0.00,0.00,1.59,0.00,2.19,11.82,0.00,16.12,0.00,0.00,0.00,0.00,0.00,0.00,0.00,0.00,5.76,0.00,0.00
0.00,0.00,0.00,0.00,0.00,0.00,0.00,0.00,0.00,0.00,0.00,0.00,9.79,0.00,0.00,0.00,5.48,0.00,0.00,0.00,0.00,0.00,0.00,6.70,0.00,10.43,0.00,0.00,0.00,0.00
0.00,0.00,0.00,0.00,7.36,0.00,0.00,0.00,5.33,0.00,0.00,0.00,0.00,0.00,0.00,0.00,0.00,0.00,21.65,0.00,23.61,0.00,0.00,0.00,0.00,0.00,0.00,0.00,0.00,0.00
0.00,0.00,10.12,0.00,4.11,0.00,0.00,0.00,0.00,0.00,0.00,0.00,0.00,0.00,0.00,0.00,0.00,10.68,0.00,1.01,6.02,13.47,0.00,0.00,0.00,0.15,0.00,0.00,0.00,0.00
0.00,0.00,0.64,0.00,0.00,0.00,4.99,0.00,0.00,0.00,0.00,0.00,0.00,0.00,0.00,0.00,10.13,0.00,4.08,0.00,0.00,0.00,0.00,0.00,0.00,0.00,0.00,5.23,0.00,0.00
0.00,0.00,4.43,13.81,0.00,13.27,0.00,0.00,0.00,0.00,0.00,0.00,0.00,0.00,0.00,0.00,0.00,0.00,0.00,5.12,0.00,0.00,0.00,0.00,0.00,0.00,0.00,0.00,0.00,0.00
0.00,0.00,15.44,3.43,9.43,4.46,0.00,0.00,0.00,0.00,0.00,0.00,0.00,0.00,0.00,0.00,0.00,0.00,9.58,8.83,0.00,0.00,0.00,0.00,0.00,0.00,0.00,0.00,0.00,3.64
0.00,0.00,0.00,0.00,0.00,0.00,1.57,0.00,0.00,0.00,0.00,1.02,0.00,0.00,0.00,0.00,0.00,1.30,7.45,0.00,4.43,0.00,22.14,0.00,0.00,0.00,0.00,0.76,0.00,3.44
0.00,0.00,9.20,0.00,3.20,0.00,9.90,10.26,2.40,8.18,10.52,10.42,0.00,5.77,0.00,0.00,0.00,0.00,0.00,0.00,0.00,0.00,0.00,0.00,0.00,0.00,0.00,0.00,0.00,0.00
0.00,0.00,0.00,0.00,5.87,13.81,0.00,5.53,3.79,0.00,0.00,0.00,0.00,0.00,0.00,0.00,0.00,0.00,0.00,0.00,0.00,0.00,0.00,0.00,0.00,0.00,0.00,0.00,0.00,0.00
0.00,0.00,0.00,0.00,0.00,0.00,3.18,0.00,0.00,0.00,0.00,0.00,0.00,5.63,0.00,0.00,0.00,0.00,0.00,2.87,0.00,2.13,0.31,20.52,0.00,0.00,0.00,0.00,0.00,0.00
0.00,0.00,12.93,12.38,6.92,13.41,0.00,0.00,0.00,0.00,0.00,0.00,0.00,0.00,0.00,0.00,0.00,0.00,0.00,0.00,0.00,0.00,0.00,0.00,0.00,0.00,5.85,9.97,0.00,0.00
0.00,0.00,5.47,0.00,0.00,0.00,0.00,0.00,1.35,6.83,0.00,0.00,1.10,2.81,0.00,0.00,5.41,0.00,0.00,5.39,0.00,0.00,0.00,0.00,0.00,0.00,0.00,0.00,0.00,0.00
0.00,0.00,23.88,0.00,17.87,0.00,0.00,0.00,0.00,0.00,0.00,0.00,0.00,0.00,0.00,0.00,0.00,0.00,0.00,9.44,0.00,26.58,16.50,0.00,0.00,0.00,0.00,0.00,0.00,0.00
0.00,0.00,9.93,0.00,3.92,0.00,0.00,0.00,0.00,3.50,0.00,0.00,5.45,0.00,0.98,0.00,10.04,0.00,0.00,0.00,0.00,10.21,0.00,0.00,0.00,0.00,0.00,0.00,0.00,0.00
0.00,0.00,0.00,0.00,0.00,0.00,0.00,0.00,0.00,10.38,0.00,0.00,2.26,5.76,0.00,0.00,0.00,13.33,0.00,0.00,0.00,8.28,0.00,0.00,0.00,0.00,9.97,8.36,0.00,0.00
0.00,0.00,0.00,0.00,6.91,0.00,0.00,0.00,0.00,0.00,0.00,3.09,0.00,5.94,2.31,3.42,0.62,3.84,0.00,0.00,0.00,0.00,0.00,0.00,0.00,1.57,4.77,0.00,0.00,0.00
0.00,0.00,0.00,0.00,0.00,3.83,0.00,0.00,0.00,3.32,0.00,0.00,0.00,0.00,0.00,0.00,0.00,0.00,0.00,3.00,0.00,0.00,0.00,0.00,0.00,0.00,0.00,2.93,0.00,0.00
0.00,0.00,12.69,0.00,6.68,0.00,0.00,0.00,0.00,0.00,13.81,1.01,23.50,0.00,0.00,5.43,4.43,2.60,0.00,0.00,0.00,0.00,0.00,0.00,0.00,0.00,0.00,18.57,0.00,0.00
0.00,0.00,0.00,0.00,11.49,10.20,0.00,12.59,0.27,7.06,0.00,0.00,0.00,0.00,0.00,0.76,0.00,6.99,0.00,0.00,0.00,0.00,0.00,0.00,0.00,0.00,0.00,0.00,0.00,0.00
0.00,0.00,3.65,0.00,2.17,0.00,4.50,0.00,0.00,0.00,0.00,0.00,0.00,0.84,4.44,0.00,0.00,7.62,0.00,0.00,0.00,0.00,0.00,0.00,4.22,0.00,3.96,0.00,0.00,15.80
0.00,0.00,0.00,0.00,0.00,0.00,0.00,0.00,0.00,0.00,8.39,2.21,0.00,0.00,0.00,0.00,0.00,0.00,0.00,0.00,0.00,0.00,2.83,0.00,0.00,0.00,8.85,0.00,11.58,0.00
0.00,0.00,0.00,0.00,5.68,0.00,0.00,0.00,0.00,0.00,0.00,9.73,0.00,0.00,5.05,5.33,0.00,0.00,0.00,0.00,10.66,6.33,0.00,0.00,2.57,5.58,10.07,7.79,0.00,0.00
0.00,0.00,0.00,0.00,0.00,0.00,0.00,0.00,0.00,0.00,0.00,0.00,0.00,0.00,2.56,0.00,0.00,0.00,3.14,0.00,0.00,0.00,0.00,0.00,0.00,9.16,0.00,0.00,0.00,0.00
0.00,0.00,0.00,0.00,0.00,0.00,0.00,0.00,0.00,0.00,29.73,0.45,0.00,1.91,16.98,19.52,0.00,0.00,0.00,0.00,0.00,3.13,21.37,0.00,0.00,0.00,0.00,0.00,0.00,0.00
0.00,0.00,0.00,6.29,0.93,1.32,0.00,0.00,1.62,0.00,0.00,0.00,0.00,0.00,0.00,0.00,13.41,0.00,0.00,0.75,3.11,0.00,0.00,0.55,5.77,0.00,15.89,2.48,0.00,0.00
0.00,0.00,0.00,0.00,0.00,0.00,0.00,0.00,0.00,0.00,0.00,0.00,2.96,0.00,0.00,0.00,0.00,2.85,0.00,0.00,0.00,0.00,0.00,0.52,0.00,0.00,8.60,4.44,3.45,0.00
0.00,0.00,0.00,0.00,13.76,12.56,6.15,2.56,0.00,0.00,0.00,0.00,0.00,0.00,0.00,0.00,0.00,0.00,0.00,0.00,0.00,0.00,0.00,0.00,0.00,0.00,0.00,0.00,0.00,0.00
0.00,0.00,0.00,0.00,0.00,0.00,0.00,0.00,0.00,0.00,0.00,0.00,0.00,0.00,0.00,0.00,0.00,0.00,2.58,0.00,0.00,0.00,0.00,0.00,0.00,0.00,0.00,0.00,0.00,0.00
0.00,0.00,1.01,2.44,14.63,0.00,14.11,0.00,0.26,0.00,0.00,0.00,17.05,2.40,0.00,0.00,0.00,0.00,0.00,0.00,0.00,0.00,6.80,0.00,0.00,0.00,0.00,0.00,0.00,0.00
0.00,0.00,0.00,0.00,0.00,6.29,0.00,0.00,0.00,0.00,0.00,0.00,0.00,0.00,0.00,0.00,0.00,6.15,7.11,0.49,19.49,0.00,0.00,0.00,0.00,1.82,0.00,0.00,0.00,0.00
0.00,0.00,0.00,0.00,0.00,4.90,0.00,0.00,0.00,0.00,0.00,0.00,0.00,12.18,0.00,0.00,6.37,5.50,11.64,0.00,0.00,0.00,0.00,0.00,21.95,18.94,21.63,0.00,4.23,0.00
0.00,0.00,0.00,0.00,0.00,5.59,2.11,0.00,0.00,0.00,0.00,0.27,12.10,0.00,0.00,0.00,0.00,0.00,0.00,0.00,0.00,0.00,0.00,0.00,0.00,0.00,0.00,0.00,0.00,0.00
0.00,0.00,0.00,0.00,0.00,0.00,0.00,3.78,0.00,0.00,0.00,0.00,0.00,0.00,0.00,3.31,0.00,0.00,0.00,0.00,0.00,0.00,0.77,0.00,0.00,0.00,0.59,0.00,0.00,8.80
0.00,0.00,0.00,3.27,1.06,0.00,0.00,10.29,0.00,0.00,0.00,0.00,0.00,0.00,0.00,0.00,0.00,0.00,0.00,0.00,0.00,0.00,0.00,0.00,0.00,0.00,0.00,0.00,0.00,0.00
0.00,0.00,0.00,0.00,0.00,0.00,0.00,0.00,0.00,0.00,0.00,0.00,22.56,0.00,0.00,0.00,0.00,0.00,0.00,0.00,0.00,0.00,0.00,0.00,0.00,0.00,0.00,0.00,0.00,1.08
0.00,0.00,0.96,3.26,0.03,0.00,0.23,0.00,0.00,1.31,0.00,0.00,2.02,2.32,6.28,0.00,0.00,0.00,0.00,0.00,0.00,0.00,0.00,0.00,0.00,0.00,0.00,0.00,0.35,1.43
0.00,0.00,0.00,0.00,0.00,7.65,0.00,0.00,0.00,0.00,0.00,0.00,11.48,0.00,7.64,0.00,0.00,0.00,0.00,0.00,0.00,0.00,6.71,27.83,1.22,0.00,0.00,16.02,0.00,0.00
0.00,0.00,7.47,0.00,1.46,0.34,0.00,0.00,0.00,0.00,0.00,0.00,0.00,0.00,0.00,0.00,0.00,0.00,0.00,0.00,0.00,7.01,8.88,0.00,0.00,13.16,0.00,0.00,0.00,0.00
0.00,0.00,0.25,7.75,0.00,3.02,0.00,0.00,2.15,0.00,0.00,0.00,0.00,0.00,0.00,0.00,5.74,0.00,15.24,0.00,0.00,0.00,0.00,0.00,0.00,0.00,0.00,0.00,0.00,0.00
0.00,0.00,15.41,0.00,9.40,0.00,0.00,0.00,0.00,0.00,0.00,0.00,0.00,0.00,0.00,0.00,0.00,0.00,0.00,10.29,0.00,0.00,9.86,0.00,0.00,0.00,0.00,3.88,0.00,0.00
0.00,0.00,2.29,0.00,0.00,0.00,21.72,15.57,5.69,14.73,0.00,0.00,0.00,0.00,0.00,0.00,0.00,0.00,0.00,0.00,0.00,0.00,0.00,7.73,0.00,0.00,0.00,0.00,0.00,0.00
0.00,0.00,0.00,10.18,12.02,5.20,9.96,0.00,0.00,0.00,0.00,0.00,0.00,0.00,0.00,0.00,0.00,7.74,0.00,0.00,0.00,0.00,0.00,0.00,0.00,0.00,0.00,0.00,0.00,0.00
0.00,0.00,0.00,0.00,4.39,0.00,0.00,0.02,0.00,0.00,0.00,0.00,0.00,0.00,0.00,0.00,24.25,0.00,19.17,0.00,0.00,0.00,0.00,5.16,0.00,0.00,0.00,0.00,0.00,0.00
0.00,0.00,0.00,0.00,17.41,0.00,0.00,0.00,0.00,0.00,0.00,0.00,2.43,0.00,0.00,0.00,0.00,0.00,0.00,0.49,14.40,7.14,0.00,0.00,0.00,0.00,0.00,0.00,0.00,0.00
0.00,0.00,0.00,2.01,0.16,0.00,0.00,0.00,0.00,0.00,0.00,0.00,0.00,0.00,5.94,4.48,0.00,7.65,4.89,0.00,0.00,0.00,0.00,0.00,0.00,0.00,0.00,0.00,0.00,0.00
0.00,0.00,0.00,0.00,11.88,0.00,2.76,0.00,0.00,0.00,0.00,0.00,0.00,0.00,0.00,0.00,0.00,2.46,0.00,10.51,6.59,3.05,6.62,0.00,0.00,0.00,0.00,0.00,0.00,0.00
0.00,0.00,0.00,0.00,0.00,0.00,0.00,0.00,0.00,0.00,0.00,0.00,0.00,0.00,0.00,1.89,0.36,12.69,0.00,11.86,0.00,0.00,0.00,0.00,1.09,0.00,0.00,0.00,0.00,0.00
0.00,0.00,0.00,0.00,0.00,3.28,13.37,0.00,8.15,0.00,4.22,0.00,0.00,0.00,0.00,0.00,0.00,0.00,0.00,0.00,0.00,0.00,0.00,0.00,0.00,0.00,0.00,0.00,0.00,0.00
0.00,0.00,0.00,0.00,4.71,11.91,0.00,2.14,0.89,0.00,0.00,0.00,0.00,0.00,0.00,0.00,0.00,0.00,0.00,0.00,0.00,0.00,0.00,0.00,0.00,0.00,0.00,0.00,6.40,6.21
0.00,0.00,13.01,9.28,7.00,10.32,0.00,13.61,0.00,0.00,0.00,0.89,0.00,12.82,8.22,0.00,10.06,1.64,0.00,0.10,0.00,0.00,0.00,0.00,0.00,0.00,0.00,0.00,0.84,0.00
0.00,0.00,0.00,0.00,0.00,0.00,0.00,0.00,0.00,0.00,17.04,3.29,0.00,11.31,12.06,0.00,0.00,0.00,0.00,0.00,0.00,0.00,0.00,0.00,0.00,0.00,0.00,0.00,0.00,0.00
0.00,0.00,0.00,0.00,0.00,0.00,0.00,2.40,0.00,0.00,0.00,0.00,0.00,0.00,0.00,0.00,0.00,0.00,0.00,0.00,2.28,7.51,0.00,0.00,0.00,0.10,0.00,10.69,0.00,0.00
0.00,0.00,0.00,0.00,0.00,0.00,4.41,0.00,0.00,0.00,0.00,0.00,0.00,0.00,0.00,0.00,0.00,0.00,0.00,0.00,0.00,14.05,9.00,11.49,3.14,12.61,4.18,0.00,0.00,0.00
0.00,0.00,0.00,2.21,0.29,0.00,0.00,0.00,0.00,14.67,16.91,0.00,0.00,28.80,0.30,0.00,0.00,0.22,0.00,0.00,0.00,0.00,0.00,0.00,0.00,23.39,0.00,0.00,0.00,0.00
0.00,0.00,0.00,0.00,0.00,0.00,0.00,22.62,0.00,0.00,0.00,0.00,0.00,0.00,0.00,0.00,0.00,0.00,0.00,0.00,0.00,0.00,0.00,0.00,0.00,0.00,0.00,0.00,0.00,0.00
0.00,0.00,0.00,0.00,0.00,0.00,0.00,0.00,0.00,0.00,0.00,0.00,0.00,0.00,0.00,0.00,0.00,0.00,0.00,0.00,0.00,0.00,0.98,0.00,0.00,7.09,0.00,0.00,0.00,0.00
0.00,0.00,0.00,0.00,13.24,0.00,0.00,0.00,0.00,0.00,1.28,0.00,19.33,0.00,0.00,0.00,0.00,0.00,0.00,0.00,0.00,0.00,0.00,0.00,0.00,0.00,0.00,0.00,0.00,2.08
0.00,0.00,0.00,4.51,0.00,0.00,2.90,0.00,0.00,0.00,0.00,0.00,0.00,0.00,0.00,0.00,19.57,0.00,0.00,8.83,16.97,0.00,0.00,0.00,0.00,0.00,0.00,0.00,0.00,0.00
0.00,0.00,0.00,0.00,0.00,2.86,0.00,0.00,0.00,0.00,0.00,1.59,0.00,0.00,0.00,0.00,0.00,12.25,0.69,4.95,1.61,5.41,0.00,0.00,0.00,0.00,0.00,0.00,0.00,0.00
0.00,0.00,0.00,0.00,0.00,0.00,0.00,10.79,0.00,0.00,0.00,0.00,0.00,0.00,0.00,0.00,0.00,0.00,0.00,0.00,0.00,0.00,0.00,0.00,0.00,0.00,13.27,0.00,1.10,19.19
0.00,0.00,0.00,0.00,0.00,0.00,15.86,0.00,0.00,0.00,7.95,3.68,0.00,0.00,0.00,0.00,0.00,0.00,0.00,0.00,0.00,0.00,0.00,0.00,0.00,0.00,0.00,0.00,0.00,0.00
0.00,0.00,4.06,2.94,0.00,2.03,0.00,0.00,0.00,0.00,0.00,0.00,0.00,0.00,0.00,0.00,12.31,0.00,0.00,0.00,15.12,0.00,0.00,0.00,0.00,0.00,0.00,0.00,0.00,14.41
0.00,0.00,0.00,0.00,0.00,21.83,0.00,0.00,0.00,0.00,0.00,0.00,0.00,7.15,0.00,0.00,0.00,0.00,0.00,0.00,0.00,0.00,0.00,0.00,0.00,0.00,0.00,0.00,0.00,0.00
0.00,0.00,9.20,0.00,3.19,0.00,0.00,0.00,0.00,0.79,0.00,0.00,0.00,0.00,0.00,0.00,0.00,0.00,0.00,0.00,0.00,0.00,0.00,0.00,0.00,0.00,0.00,0.00,0.00,0.00
0.00,0.00,0.00,0.00,0.00,20.30,0.00,0.00,0.00,0.00,0.00,0.00,0.00,0.00,0.00,0.00,0.00,0.00,0.00,0.00,0.00,0.00,0.00,0.00,0.00,0.00,0.00,0.00,0.00,0.00
0.00,0.00,0.00,0.00,0.00,0.00,0.00,0.00,0.00,9.14,4.18,0.00,0.00,0.00,10.38,9.91,6.79,0.00,11.52,21.60,0.00,0.00,0.00,0.00,0.00,0.00,0.00,0.00,0.00,0.00
0.00,0.00,0.00,0.00,0.00,0.00,12.77,3.79,0.10,3.67,24.46,7.47,3.74,0.00,18.62,0.00,0.00,0.00,0.00,0.00,0.00,0.00,0.00,0.00,0.00,0.00,0.00,0.00,0.00,0.00
0.00,0.00,5.97,0.00,0.00,0.00,14.06,9.18,0.00,17.76,0.00,0.00,0.00,0.00,0.00,0.00,0.00,0.00,0.00,0.00,0.00,0.00,0.00,0.00,0.00,0.00,0.00,0.00,0.00,0.00
0.00,0.00,0.00,0.00,0.00,0.00,0.00,0.51,0.00,0.00,0.00,7.49,0.00,0.00,0.00,0.00,0.00,0.00,0.00,0.00,26.65,0.00,14.70,0.00,0.00,0.00,0.00,0.00,0.00,0.00
0.00,0.00,8.18,0.00,2.17,0.00,0.00,0.00,0.00,0.00,14.28,0.00,1.11,14.86,12.44,0.00,0.00,0.00,0.00,0.17,0.00,0.00,0.00,0.00,0.00,15.34,0.00,0.00,0.00,7.38
0.00,0.00,12.61,9.56,6.61,10.59,0.00,0.00,0.00,0.00,0.00,0.00,3.85,0.00,0.00,0.00,0.00,0.00,0.00,0.00,0.00,0.00,0.00,0.00,0.00,0.00,0.00,3.51,3.29,0.00
0.00,0.00,8.35,0.00,2.35,0.00,0.00,8.17,0.00,0.00,5.31,0.00,0.00,0.00,0.00,0.00,0.00,0.00,0.00,0.00,0.00,0.00,0.00,0.00,0.00,0.00,0.00,0.00,0.00,0.00
0.00,0.00,0.00,0.00,0.00,9.31,0.00,0.50,0.00,0.00,0.00,0.00,3.87,0.00,0.00,0.00,0.00,0.00,0.00,0.00,0.00,17.09,7.44,20.15,0.00,7.17,0.00,33.27,7.36,0.00
0.00,0.00,0.00,0.00,0.00,0.00,0.00,0.00,0.00,3.32,8.09,0.00,0.00,0.00,0.00,0.00,0.00,0.00,0.00,0.00,0.00,0.00,0.00,0.00,0.00,0.00,0.00,0.00,0.00,2.34
0.00,0.00,6.61,0.00,0.60,0.00,0.00,0.00,0.00,3.64,2.04,0.00,0.00,0.00,0.00,0.00,0.00,0.00,0.00,0.00,2.91,0.00,0.00,3.19,0.98,0.00,0.00,0.00,0.00,0.00
0.00,0.00,0.00,0.00,0.00,0.00,0.00,4.92,4.23,0.00,0.00,4.90,0.00,0.00,0.00,0.00,0.00,0.00,0.00,0.00,0.00,0.00,0.00,0.00,0.00,0.00,2.64,0.00,0.00,7.11
0.00,0.00,0.00,0.00,0.00,0.00,0.00,0.00,0.00,1.01,0.00,0.00,13.64,0.00,0.00,0.00,14.22,0.00,0.00,0.00,0.00,2.83,0.00,0.00,0.00,0.00,0.00,0.00,0.00,0.00
0.00,0.00,2.34,0.08,0.00,0.00,7.99,11.28,0.00,0.00,7.16,0.00,0.00,0.00,0.00,0.00,0.00,0.00,0.00,0.00,0.00,0.00,0.00,0.00,0.00,0.00,0.00,0.00,0.00,0.00
0.00,0.00,9.68,0.00,3.68,0.00,0.00,2.73,11.14,7.15,4.49,0.00,1.10,0.00,9.22,0.00,13.16,0.00,0.00,0.00,0.00,0.00,0.00,0.00,0.00,0.00,0.00,0.00,0.00,4.01
0.00,0.00,0.00,0.00,0.00,0.00,0.00,0.00,0.00,0.00,0.00,0.00,5.36,0.00,0.00,0.00,4.65,4.68,0.00,7.01,0.00,0.00,0.00,0.00,0.00,0.00,0.00,0.00,0.00,0.00
0.00,0.00,2.76,7.60,0.00,5.39,0.00,0.00,0.00,0.00,0.00,0.00,0.00,0.00,6.35,4.44,4.74,0.00,0.00,0.00,0.00,0.00,0.00,9.15,0.00,0.00,0.00,0.00,8.74,0.00
0.00,0.00,2.87,0.00,0.00,0.00,0.00,3.83,1.34,0.00,2.40,0.98,0.00,0.00,0.00,0.00,0.00,0.00,0.00,0.00,0.00,9.47,0.00,0.00,0.00,8.38,4.81,0.00,0.64,4.55
0.00,0.00,0.00,0.00,0.00,0.00,0.00,23.64,0.00,0.00,0.00,6.52,0.00,0.00,0.00,0.00,0.00,0.00,0.00,0.00,0.00,0.00,11.42,0.00,0.00,0.00,0.00,0.00,0.00,0.00
0.00,0.00,0.50,12.08,8.06,7.61,8.56,0.00,0.00,0.00,0.00,0.00,0.00,0.00,0.00,0.00,0.00,0.00,0.00,0.00,0.00,0.00,0.00,19.41,0.00,0.00,0.00,0.00,0.00,0.00
0.00,0.00,0.00,10.62,12.11,5.64,7.16,7.95,10.46,0.00,0.00,0.00,0.00,0.00,8.14,7.80,40.21,10.79,0.00,0.00,0.00,0.00,0.00,0.00,0.00,0.00,0.00,0.00,0.00,0.00
0.00,0.00,23.82,0.00,17.81,0.00,0.00,0.00,0.00,0.00,0.00,0.64,0.00,0.00,0.00,0.00,0.00,0.00,0.00,0.00,0.00,0.00,0.00,0.00,0.00,0.00,0.00,0.00,0.00,0.00
0.00,0.00,0.00,0.00,0.00,10.25,15.83,0.00,0.03,11.28,4.20,0.00,0.00,0.00,0.00,0.00,0.00,0.00,0.00,0.00,0.00,12.05,0.00,0.00,0.00,0.00,0.00,0.68,0.00,5.38
0.00,0.00,0.00,0.00,0.00,0.00,0.00,14.09,15.10,1.16,15.23,24.23,0.00,0.00,0.00,0.00,0.00,0.00,0.00,0.00,1.63,0.00,25.93,0.00,0.00,0.00,0.00,0.00,0.00,0.00
0.00,0.00,0.00,8.15,11.96,3.17,11.80,7.49,0.00,0.00,0.00,0.00,0.00,6.10,0.00,0.00,0.00,0.00,0.00,0.00,0.00,0.00,0.00,0.00,0.00,0.00,0.00,0.00,0.00,0.00
0.00,0.00,0.00,0.00,17.20,8.41,0.00,10.87,0.00,0.00,0.00,0.00,0.00,15.32,11.17,5.41,0.00,0.00,0.00,0.00,0.00,0.00,0.00,0.00,0.00,0.00,0.00,0.00,0.00,0.00
0.00,0.00,2.52,0.00,0.00,0.00,0.00,0.00,0.00,0.00,0.00,0.00,3.82,0.00,0.00,0.00,0.00,0.00,0.00,0.00,0.00,1.21,0.00,0.00,0.00,0.00,0.00,0.00,0.00,2.78
0.00,0.00,9.61,0.00,3.60,0.00,0.00,0.00,0.00,0.00,0.00,0.00,0.00,0.00,0.00,0.00,0.00,6.94,11.97,0.00,22.69,1.37,0.00,0.00,0.00,0.00,0.00,0.00,0.00,0.00
0.00,0.00,0.00,0.08,2.54,0.00,0.00,0.00,0.00,0.00,0.00,0.00,0.00,4.96,0.00,0.00,0.00,0.00,0.00,0.00,0.00,21.25,0.00,2.09,0.00,0.00,0.00,0.00,0.00,0.00
0.00,0.00,0.00,0.00,0.00,0.00,2.11,2.92,0.00,0.00,0.00,0.00,9.34,0.74,0.00,4.45,19.92,2.68,9.46,6.39,8.05,0.00,0.00,0.00,0.00,0.00,0.00,0.00,0.00,0.00
0.00,0.00,10.78,0.00,4.77,0.00,0.00,0.00,0.00,0.00,0.00,0.00,0.00,0.00,8.82,0.00,5.64,3.08,0.00,0.00,0.00,0.00,0.00,0.00,0.00,0.00,0.00,0.00,0.00,0.00
0.00,0.00,0.00,0.00,1.98,0.00,0.00,0.00,0.00,0.00,0.00,0.00,0.96,0.00,11.34,1.99,12.24,0.00,0.00,1.89,0.00,0.00,0.00,0.00,0.00,3.13,10.80,4.99,0.00,0.00
0.00,0.00,0.00,0.00,7.61,13.70,0.00,0.00,7.47,3.07,0.00,0.00,0.00,0.00,0.00,0.00,0.00,0.00,0.00,0.00,0.00,0.00,0.00,0.00,0.00,0.00,0.00,0.00,4.43,0.00
0.00,0.00,7.56,0.00,1.55,0.00,0.00,0.00,0.00,0.00,0.00,6.80,0.94,8.51,0.00,6.52,0.00,0.00,0.00,0.00,0.00,0.00,0.00,10.77,3.19,4.64,0.00,0.00,0.00,0.00
0.00,0.00,0.00,0.00,2.65,0.00,0.00,0.00,0.00,0.00,0.00,0.00,0.00,0.00,0.00,0.00,0.00,0.00,0.00,9.31,6.39,0.00,2.28,8.89,11.96,0.00,0.00,0.00,0.00,0.00
0.00,0.00,6.23,0.00,0.22,0.00,0.00,0.00,0.00,0.00,0.00,2.44,0.00,8.36,0.00,0.00,0.00,0.00,0.00,0.00,0.00,0.00,0.00,0.00,0.00,0.00,0.00,0.00,0.00,0.00
0.00,0.00,0.00,0.00,0.00,0.81,7.57,0.00,0.00,0.00,3.22,0.00,5.86,0.00,8.47,0.00,0.00,0.00,4.47,5.19,24.22,0.00,0.00,0.00,0.00,0.00,0.00,0.00,0.00,2.44
0.00,0.00,0.00,0.00,0.00,0.00,0.00,3.58,0.00,8.11,5.81,10.30,4.14,0.00,0.00,0.00,0.00,0.00,8.12,0.00,0.00,0.00,0.00,16.65,0.00,0.00,18.28,15.86,0.00,0.00
0.00,0.00,0.00,2.07,0.00,0.00,0.00,0.00,0.36,0.00,3.84,0.00,3.71,0.00,0.00,3.74,3.36,4.92,7.02,0.00,0.00,0.00,0.00,0.00,0.00,1.89,0.00,0.00,0.00,0.00
0.00,0.00,7.89,0.00,1.88,0.00,4.53,15.42,0.00,17.92,7.12,4.31,0.00,0.00,0.00,0.00,0.00,0.00,0.00,0.00,0.00,0.00,0.00,0.00,0.00,0.00,13.49,0.00,0.00,0.00
0.00,0.00,0.00,0.00,8.40,8.83,13.39,2.12,31.93,0.00,0.00,0.00,0.00,0.00,0.00,0.00,0.00,0.00,0.00,0.00,0.00,0.00,0.00,0.00,0.00,0.00,0.00,0.00,0.00,0.00
