109.06,101.86,103.05,102.89,96.81,83.97,84.65,94.30,97.83,102.55,98.51,120.11,99.03,104.22,97.75,93.62,99.84,110.44,89.15,77.94,90.49,108.33,90.00,103.43,115.46,106.90,79.54,103.34,93.59,97.78
109.06,101.86,103.05,102.89,85.91,87.84,117.34,97.93,92.67,107.74,92.23,95.85,88.54,103.25,100.01,114.19,98.51,93.94,88.14,104.56,91.62,98.53,93.18,114.88,89.05,83.45,99.76,96.36,95.17,107.40
109.06,101.86,103.05,102.89,110.54,93.84,104.37,71.91,93.46,105.28,109.33,98.89,88.79,109.91,116.31,81.00,100.62,104.80,103.80,84.88,102.89,100.96,97.07,108.57,109.33,95.79,115.90,89.36,121.05,89.10
109.06,101.86,103.05,102.89,93.80,108.15,91.00,95.20,102.30,101.95,105.36,106.84,128.21,109.17,101.51,100.18,100.07,103.29,94.13,117.52,103.08,91.06,92.31,108.69,103.71,93.72,90.78,90.97,104.06,96.61
109.06,101.86,103.05,102.89,115.19,107.50,77.31,92.39,90.44,109.24,103.15,113.41,106.79,105.94,88.81,94.53,94.59,85.33,113.24,103.44,80.66,109.06,90.59,107.07,93.29,88.30,87.61,83.01,91.81,81.50
109.06,101.86,103.05,102.89,86.14,82.25,116.84,80.66,90.21,103.86,103.46,95.50,86.44,111.92,105.78,98.96,98.39,108.95,112.91,101.08,100.54,107.11,75.35,116.94,87.54,98.07,105.94,98.34,112.73,120.76
109.06,101.86,103.05,102.89,100.01,98.54,97.38,101.09,110.18,88.55,107.82,98.26,96.58,81.20,90.06,110.22,93.62,115.07,89.82,85.54,102.16,88.72,104.39,109.98,104.38,99.73,89.65,104.86,104.74,97.01
109.06,101.86,103.05,102.89,97.75,104.32,106.08,103.58,100.57,97.63,108.77,100.57,111.31,105.90,117.54,100.11,99.73,105.06,104.23,100.39,101.64,107.46,101.07,86.99,91.81,116.00,93.97,99.03,97.44,97.36
109.06,101.86,103.05,102.89,101.22,106.11,84.08,116.94,87.60,103.23,114.75,109.49,112.39,107.21,97.16,122.10,137.36,108.52,104.96,103.81,103.61,102.09,113.23,96.18,117.78,93.73,87.81,97.09,102.53,97.80
109.06,101.86,103.05,102.89,89.84,93.43,96.40,81.52,116.44,79.60,97.46,104.47,100.90,111.37,103.23,95.47,103.74,109.80,115.70,99.31,109.04,101.73,88.36,79.62,92.58,89.05,76.16,101.19,107.17,104.73
109.06,101.86,103.05,102.89,95.99,97.74,95.02,111.83,101.16,99.77,100.94,117.83,99.38,108.46,93.25,111.97,103.36,85.06,113.51,89.03,91.75,108.16,109.89,103.27,102.18,99.98,102.22,98.16,94.77,115.19
109.06,101.86,103.05,102.89,108.34,92.25,94.79,94.30,96.01,109.16,89.45,108.87,113.66,107.72,112.21,76.06,102.53,106.45,104.32,104.46,101.33,99.65,101.50,112.50,91.47,98.71,110.67,99.92,101.40,90.65
109.06,101.86,103.05,102.89,104.22,103.48,103.83,107.37,84.02,83.97,97.70,87.97,82.83,98.91,104.81,106.62,101.15,96.44,117.44,97.03,96.14,96.28,99.72,99.18,103.91,94.08,105.57,109.85,108.13,102.18
109.06,101.86,103.05,102.89,122.57,84.25,113.15,104.99,93.92,109.90,110.22,106.64,111.50,102.62,103.13,120.08,107.49,93.86,80.72,96.08,87.99,93.22,107.07,97.61,96.52,99.29,120.52,118.09,104.28,97.81
109.06,101.86,103.05,102.89,94.46,96.57,100.92,100.47,106.44,91.71,100.72,102.87,108.50,100.76,89.44,77.82,95.86,83.67,96.58,98.80,88.53,101.02,103.52,87.55,95.61,94.13,76.62,89.53,100.87,97.78
109.06,101.86,103.05,102.89,93.17,92.51,100.06,102.59,102.74,93.54,102.15,91.77,99.78,112.42,113.87,103.22,87.66,103.45,117.66,108.16,104.96,101.65,97.86,87.83,96.69,90.40,105.11,108.53,97.40,92.08
109.06,101.86,103.05,102.89,73.07,94.33,118.38,100.77,101.56,102.34,91.46,79.79,107.45,78.49,103.96,97.69,98.72,83.75,100.96,88.16,87.70,89.76,95.80,91.53,98.51,109.65,104.16,92.05,108.58,93.77
109.06,101.86,103.05,102.89,108.44,103.73,107.97,105.18,87.27,95.11,112.62,92.82,94.79,93.17,91.78,103.87,102.18,100.18,99.59,93.38,106.19,112.05,107.30,91.92,103.93,101.21,96.81,87.70,94.55,100.65
109.06,101.86,103.05,102.89,90.70,105.31,106.17,103.80,87.13,112.34,109.74,85.70,97.80,111.83,110.98,76.63,94.20,91.96,95.99,100.53,112.92,102.73,103.06,91.24,107.47,102.70,98.06,105.22,96.46,85.93
109.06,101.86,103.05,102.89,126.32,92.13,97.74,95.62,90.85,102.63,98.40,103.94,75.11,106.03,107.64,110.32,96.79,102.97,91.37,80.29,119.44,102.84,101.13,109.17,87.72,92.18,116.39,105.49,121.57,103.64
109.06,101.86,103.05,102.89,106.07,99.67,89.98,91.83,107.50,90.48,97.27,89.73,104.02,97.32,113.44,102.38,108.31,90.27,106.90,77.94,109.51,100.76,110.15,82.70,98.75,82.51,96.59,94.16,89.79,83.54
109.06,101.86,103.05,102.89,101.31,98.17,95.74,112.06,94.44,102.64,99.50,92.68,105.16,87.19,103.22,75.97,88.01,94.29,101.57,109.23,92.10,100.32,93.97,102.33,110.99,119.45,108.61,108.32,88.45,103.27
109.06,101.86,103.05,102.89,95.46,89.59,98.97,98.85,114.56,93.47,108.58,116.35,96.38,80.65,96.39,116.29,99.34,102.94,113.45,101.94,77.89,115.84,89.29,107.06,106.59,104.37,85.39,110.18,97.48,73.74
109.06,101.86,103.05,102.89,82.36,103.61,114.82,104.63,94.01,96.84,98.91,101.05,110.12,92.31,114.05,118.48,102.87,123.84,104.63,104.05,121.68,93.99,121.32,92.79,103.94,110.96,99.50,101.03,90.50,103.30
109.06,101.86,103.05,102.89,109.14,101.20,119.55,97.03,104.39,111.71,86.70,116.10,107.94,105.01,106.58,109.25,98.77,105.55,90.92,98.32,106.92,97.93,112.18,93.13,93.99,100.40,93.74,116.81,114.29,79.63
109.06,101.86,103.05,102.89,106.17,102.23,109.07,92.53,87.66,96.28,86.34,93.71,113.39,99.16,102.28,116.22,118.40,98.35,97.09,99.83,92.05,107.52,100.06,98.92,99.49,93.59,105.32,84.04,92.40,79.19
109.06,101.86,103.05,102.89,113.19,101.00,96.33,95.31,88.78,100.92,108.88,114.30,117.76,95.78,89.79,105.73,101.53,104.38,112.71,108.54,105.03,100.80,87.35,103.41,95.53,101.01,95.49,110.03,88.04,100.09
109.06,101.86,103.05,102.89,90.45,85.44,104.40,98.03,108.37,103.33,97.12,97.86,103.70,94.65,103.77,88.84,92.69,107.50,97.33,101.40,91.42,89.08,98.98,93.99,104.69,94.26,98.46,107.33,89.97,106.31
109.06,101.86,103.05,102.89,98.39,98.37,100.36,89.34,89.32,95.14,103.13,114.22,95.02,93.03,102.72,95.59,108.21,104.19,98.96,102.42,98.31,87.69,91.26,98.54,106.25,103.97,118.59,112.88,108.85,103.81
109.06,101.86,103.05,102.89,108.69,110.42,90.43,91.90,113.45,94.47,110.14,94.01,77.32,103.09,83.04,102.84,95.32,100.96,90.46,96.94,99.72,82.97,101.06,96.35,113.71,106.82,103.42,102.24,100.11,110.43
109.06,101.86,103.05,102.89,103.71,101.83,87.89,102.39,88.39,98.85,93.63,112.77,96.56,92.63,102.42,99.41,100.94,108.30,103.03,102.88,109.10,109.62,75.34,95.83,97.00,97.11,110.41,109.16,102.41,94.26
109.06,101.86,103.05,102.89,118.32,87.82,102.70,90.62,104.56,86.35,104.20,102.71,110.19,111.34,81.28,109.22,110.71,90.54,88.04,109.64,92.19,86.20,81.98,93.96,96.70,116.00,104.00,114.48,98.88,94.71
109.06,101.86,103.05,102.89,101.54,108.62,101.81,103.95,92.88,91.44,107.34,97.25,106.37,85.42,114.80,110.66,92.03,109.99,91.76,115.87,100.53,121.30,93.46,111.26,99.00,110.99,105.68,88.92,107.80,115.41
109.06,101.86,103.05,102.89,96.50,90.07,105.14,94.55,98.54,110.90,104.59,96.79,85.68,91.59,97.53,91.18,101.15,81.63,108.87,95.74,101.78,98.71,107.29,92.81,106.16,88.49,116.90,99.62,108.75,106.08
109.06,101.86,103.05,102.89,97.28,110.08,85.52,112.81,121.37,94.21,104.77,103.39,85.48,99.51,90.90,94.25,82.29,92.99,100.08,106.93,95.59,86.30,108.72,91.61,95.31,111.83,108.42,101.68,94.66,96.94
109.06,101.86,103.05,102.89,101.18,97.03,114.25,101.13,90.09,92.16,97.68,105.25,93.46,102.49,93.40,83.54,97.06,103.48,108.82,89.85,81.41,108.29,87.88,98.52,106.50,98.70,107.44,89.86,97.91,106.00
109.06,101.86,103.05,102.89,105.64,105.24,94.93,108.37,103.43,117.66,79.60,93.46,110.23,93.69,115.16,87.72,96.37,98.98,98.84,98.99,87.87,83.63,100.29,108.97,104.04,98.37,99.25,99.15,81.88,99.72
109.06,101.86,103.05,102.89,86.22,94.57,94.84,90.55,105.74,100.06,104.41,109.42,110.36,107.13,101.83,93.38,116.26,90.50,92.91,105.71,112.98,94.82,107.75,96.87,106.02,113.56,110.82,102.55,104.54,111.07
109.06,101.86,103.05,102.89,110.80,86.59,111.11,90.61,77.84,92.83,96.86,104.74,103.10,96.43,88.33,99.75,91.47,90.51,100.37,106.84,122.32,93.61,91.03,88.05,88.29,97.24,105.47,98.74,114.92,114.16
109.06,101.86,103.05,102.89,94.79,91.23,101.89,115.13,108.41,95.27,99.60,104.08,85.83,95.99,109.33,111.03,96.85,98.43,100.26,88.30,127.76,103.13,104.11,124.46,104.24,115.14,104.49,86.19,95.77,119.46
109.06,101.86,103.05,102.89,99.21,112.39,106.88,90.16,114.33,94.00,106.99,101.60,109.30,112.79,83.92,89.02,99.06,99.96,93.01,100.58,102.51,102.26,102.64,101.83,107.78,97.86,89.91,110.14,108.62,111.87
109.06,101.86,103.05,102.89,78.71,90.20,91.32,82.79,118.66,92.79,101.16,99.72,99.75,108.82,95.37,93.00,105.38,95.83,81.10,96.19,100.45,91.61,105.11,101.74,101.30,83.61,102.37,99.84,116.83,96.45
109.06,101.86,103.05,102.89,102.43,85.58,104.35,107.39,109.56,87.91,96.91,115.44,116.60,111.38,105.79,85.65,102.56,98.97,109.33,107.19,96.20,116.50,104.73,90.44,98.34,90.99,84.31,102.19,94.50,108.10
109.06,101.86,103.05,102.89,96.84,117.83,92.97,99.64,115.44,108.07,107.45,92.36,95.60,99.23,86.24,98.72,112.48,86.31,118.38,102.99,105.71,107.42,90.32,90.91,101.51,103.45,91.91,101.14,111.38,84.83
109.06,101.86,103.05,102.89,115.64,108.95,103.91,114.58,114.39,89.48,108.98,92.67,103.63,93.32,93.81,95.73,103.17,107.42,104.41,98.99,111.88,108.32,102.91,120.58,105.09,97.35,115.08,101.09,87.32,96.72
109.06,101.86,103.05,102.89,115.09,81.82,91.43,125.61,113.30,94.61,93.66,98.95,92.92,105.75,100.72,84.44,96.51,88.47,107.58,99.52,92.22,94.59,81.28,108.98,108.63,96.07,101.93,90.46,95.86,98.65
109.06,101.86,103.05,102.89,81.70,106.50,120.98,97.08,99.80,92.22,115.26,93.77,96.16,93.98,100.02,80.84,105.00,113.28,96.88,99.16,95.85,98.99,94.75,100.50,125.92,101.51,115.06,128.77,112.65,107.53
109.06,101.86,103.05,102.89,97.74,107.13,100.67,89.77,89.00,100.87,96.54,112.37,100.09,105.40,87.06,99.67,99.95,93.13,96.46,83.21,96.39,80.85,82.84,107.64,121.44,96.06,88.90,101.26,102.08,117.82
109.06,101.86,103.05,102.89,105.59,117.50,115.92,114.82,102.36,93.14,93.89,96.44,114.25,83.29,108.39,112.58,89.53,91.28,122.51,96.31,87.91,100.99,105.14,99.93,70.75,101.38,101.49,89.25,87.04,79.28
109.06,101.86,103.05,102.89,106.43,108.49,102.44,87.32,103.35,86.70,90.19,108.70,78.63,119.11,102.22,87.32,98.16,94.55,104.79,117.59,105.89,99.57,101.57,116.00,97.99,103.33,114.65,90.97,106.33,115.78
109.06,101.86,103.05,102.89,94.15,112.78,98.33,94.54,104.71,96.10,97.31,100.96,100.64,97.26,98.79,94.82,71.47,100.95,68.33,115.34,80.83,101.44,94.63,97.51,98.07,98.44,96.66,102.34,95.37,104.45
109.06,101.86,103.05,102.89,97.19,95.73,100.69,106.02,96.49,120.87,112.71,83.86,87.27,106.20,101.55,92.47,85.35,116.61,112.37,98.96,93.17,112.57,114.93,124.16,97.35,102.29,95.98,109.59,82.20,105.49
109.06,101.86,103.05,102.89,89.03,89.80,101.91,109.17,96.56,97.91,104.34,92.76,75.54,101.90,101.27,92.55,93.50,109.13,110.63,114.05,81.26,99.02,119.44,106.42,85.14,90.79,108.85,109.38,95.42,97.42
109.06,101.86,103.05,102.89,105.66,90.98,127.64,106.45,111.79,112.32,112.86,108.32,107.35,100.79,111.45,97.44,107.01,91.47,98.50,106.84,104.16,85.55,94.72,106.53,101.17,110.92,103.33,101.75,94.18,94.93
109.06,101.86,103.05,102.89,90.37,104.66,94.47,112.46,92.71,91.48,97.54,96.74,111.42,103.02,100.54,96.57,86.56,113.69,104.25,104.14,115.78,115.25,118.23,105.02,99.16,87.85,105.92,102.93,104.94,97.41
109.06,101.86,103.05,102.89,98.67,95.14,85.47,86.89,99.57,84.93,106.78,98.29,104.22,96.48,96.52,101.78,95.63,99.78,98.62,106.20,94.49,115.84,95.27,67.44,95.81,89.82,103.26,113.12,114.59,104.76
109.06,101.86,103.05,102.89,100.35,83.80,84.71,104.67,100.18,110.97,86.93,103.21,90.64,102.59,103.82,89.90,110.15,104.81,105.63,106.46,101.21,113.84,94.98,108.94,95.42,102.81,97.00,112.01,88.21,89.44
109.06,101.86,103.05,102.89,106.76,109.60,110.06,101.02,108.13,95.97,91.27,91.20,100.36,93.55,94.47,101.48,92.45,103.56,115.14,97.20,103.67,90.79,111.86,89.25,87.22,91.54,90.44,105.51,76.42,107.54
109.06,101.86,103.05,102.89,106.97,100.37,108.47,94.73,106.62,101.59,98.04,99.62,98.67,104.22,98.37,95.30,85.33,94.17,86.22,85.11,100.20,86.50,88.08,101.62,99.56,79.80,92.81,85.87,97.43,83.54
109.06,101.86,103.05,102.89,81.97,101.43,106.66,87.22,102.22,116.42,109.24,109.83,110.91,89.41,87.44,82.24,117.39,69.88,109.76,89.80,84.22,87.78,89.29,108.71,101.84,101.42,84.76,88.79,106.43,101.24
109.06,101.86,103.05,102.89,99.65,102.03,100.16,105.26,99.72,103.02,108.72,115.45,84.24,116.82,83.98,116.47,100.38,91.89,103.27,79.01,101.79,96.89,107.20,100.44,101.19,96.46,114.87,112.44,97.32,110.08
109.06,101.86,103.05,102.89,97.84,101.20,102.83,110.96,87.91,114.30,83.22,94.43,112.57,119.14,92.89,115.61,101.56,90.40,100.69,96.94,90.50,106.90,87.38,106.24,89.48,89.13,99.81,87.20,95.13,84.15
109.06,101.86,103.05,102.89,107.49,86.79,106.51,102.81,111.27,104.68,85.64,106.16,95.57,100.23,96.62,81.13,86.71,105.83,104.05,115.62,95.29,94.46,85.29,116.08,97.44,111.13,86.66,117.00,104.33,102.24
109.06,101.86,103.05,102.89,113.11,104.65,104.82,107.67,108.29,105.55,94.21,116.31,113.10,104.00,83.98,103.19,105.90,87.71,97.93,105.80,87.18,103.96,109.71,105.06,82.07,110.87,86.71,91.25,108.83,102.03
109.06,101.86,103.05,102.89,99.09,101.91,95.62,100.75,95.16,96.35,103.72,90.89,103.49,101.24,125.09,99.29,103.02,90.19,125.68,101.11,91.03,102.59,102.51,99.97,92.30,99.35,115.19,91.19,114.71,100.63
109.06,101.86,103.05,102.89,96.76,114.01,115.88,99.12,99.56,77.82,102.01,78.88,83.22,93.35,94.65,95.74,89.99,103.61,100.35,95.39,92.37,97.38,102.75,96.77,102.32,104.81,116.64,101.84,85.16,93.06
109.06,101.86,103.05,102.89,110.03,109.32,114.82,90.61,106.78,104.02,112.13,104.43,110.07,113.89,110.86,87.90,97.29,93.47,98.37,98.55,114.04,105.29,88.55,108.79,109.71,80.51,115.17,109.82,96.61,100.49
109.06,101.86,103.05,102.89,96.29,93.00,117.91,119.21,84.03,87.48,107.46,104.91,115.18,98.14,95.19,90.59,109.63,106.20,94.16,105.64,86.76,83.51,105.67,111.14,103.82,97.63,106.59,68.22,102.17,81.50
109.06,101.86,103.05,102.89,114.08,107.31,108.24,95.48,111.45,106.54,101.95,95.05,93.11,90.43,101.59,110.02,100.18,113.88,92.44,126.32,102.99,100.39,98.60,93.96,97.58,95.65,105.62,109.98,99.94,89.89
109.06,101.86,103.05,102.89,115.98,110.26,99.37,111.20,82.94,117.49,92.29,101.19,94.36,98.35,90.08,99.67,113.83,100.17,88.31,116.00,99.67,113.77,101.71,108.99,104.16,110.88,99.96,115.41,112.44,92.94
109.06,101.86,103.05,102.89,108.45,89.62,108.24,87.66,104.13,91.20,89.49,98.75,112.59,91.08,94.62,113.51,99.00,105.21,102.59,115.98,109.55,109.46,110.16,103.45,92.55,98.11,104.12,94.83,100.59,104.03
109.06,101.86,103.05,102.89,97.53,106.02,83.15,91.29,113.74,93.32,111.33,100.66,101.08,101.57,90.70,81.16,94.17,109.10,93.08,102.92,79.62,100.81,98.71,112.79,94.69,92.26,84.27,104.44,103.76,118.20
109.06,101.86,103.05,102.89,95.63,98.69,110.07,96.44,105.19,104.10,106.33,95.23,71.94,103.27,91.30,107.37,105.79,85.36,92.20,94.38,105.65,101.66,97.99,84.14,106.57,107.98,96.04,115.43,117.23,85.51
109.06,101.86,103.05,102.89,99.89,99.85,79.78,94.79,92.76,92.73,85.63,105.64,96.39,94.79,105.74,89.98,101.70,124.52,90.40,98.32,104.50,101.75,82.65,98.72,87.95,103.79,102.79,97.28,109.39,110.15
109.06,101.86,103.05,102.89,111.37,112.74,104.10,89.20,105.25,104.70,80.87,84.49,96.87,118.44,101.97,106.93,91.78,77.98,112.48,90.06,107.32,89.42,114.48,94.52,90.09,84.91,107.99,95.51,100.21,98.08
109.06,101.86,103.05,102.89,80.36,102.47,120.70,91.28,105.06,110.16,74.27,98.80,104.16,96.90,102.84,94.30,106.82,94.91,112.30,89.30,106.35,111.35,93.79,100.76,98.19,124.59,91.19,124.68,97.18,87.33
109.06,101.86,103.05,102.89,104.16,98.25,96.91,96.71,108.66,93.01,88.93,113.97,94.89,109.91,126.19,107.72,113.51,106.01,97.17,94.28,85.38,116.43,99.43,106.82,99.79,98.60,104.83,100.37,99.93,110.95
109.06,101.86,103.05,102.89,89.17,88.62,112.62,103.73,98.66,95.70,102.32,108.31,106.92,91.46,107.25,95.87,99.19,99.20,85.17,101.29,101.93,110.12,106.87,105.46,100.22,104.73,104.68,90.39,86.45,106.76
109.06,101.86,103.05,102.89,100.93,108.74,88.73,101.02,113.08,94.03,97.63,88.75,113.11,110.49,98.12,108.68,97.07,98.16,107.11,109.21,102.94,94.80,92.40,87.93,105.53,110.21,84.09,113.35,106.44,93.75
109.06,101.86,103.05,102.89,95.24,100.53,98.51,102.02,94.34,115.96,90.34,101.25,81.68,102.07,106.69,95.91,104.37,95.64,103.92,91.79,87.90,123.93,112.48,109.16,93.18,99.80,89.16,90.70,97.07,97.07
109.06,101.86,103.05,102.89,123.53,86.50,92.30,85.13,77.06,101.46,111.30,96.67,96.93,101.81,100.25,94.62,91.79,97.51,102.23,83.73,89.95,96.86,95.79,119.26,102.85,98.86,124.49,103.05,113.17,97.42
109.06,101.86,103.05,102.89,108.88,92.05,93.65,87.07,87.04,87.27,100.08,94.13,78.13,105.26,97.52,93.53,94.98,79.69,81.95,110.13,105.88,111.09,83.48,85.96,106.06,86.09,95.09,99.02,94.84,108.61
109.06,101.86,103.05,102.89,92.35,90.87,113.03,101.92,105.33,102.15,92.18,86.71,113.70,87.34,89.64,88.23,75.28,96.30,101.08,92.47,96.69,122.03,96.81,104.29,77.24,113.66,104.51,86.29,94.02,88.22
109.06,101.86,103.05,102.89,88.14,107.44,81.58,107.02,92.74,92.08,93.19,122.04,115.56,91.91,85.84,105.87,103.94,104.55,99.50,112.98,110.30,88.87,86.21,94.58,103.83,102.29,93.92,100.52,88.16,108.30
109.06,101.86,103.05,102.89,94.52,99.83,106.16,101.63,95.75,120.40,103.40,104.90,110.31,110.62,99.60,85.94,94.71,92.60,104.75,94.41,94.44,106.19,87.52,94.70,99.55,113.14,97.97,107.68,120.55,98.69
109.06,101.86,103.05,102.89,83.29,88.97,86.52,101.57,102.50,105.82,101.15,91.02,103.19,96.58,107.73,110.14,113.35,104.28,102.28,98.53,106.92,86.91,88.03,86.51,83.88,109.68,90.64,92.66,107.19,85.49
109.06,101.86,103.05,102.89,116.50,97.48,90.97,92.26,101.54,96.89,109.42,96.25,90.77,99.19,94.45,107.69,101.02,101.47,114.84,86.80,101.02,101.45,96.37,109.37,83.34,93.20,91.43,99.92,94.96,91.87
109.06,101.86,103.05,102.89,93.42,84.76,90.71,103.01,114.54,92.03,82.43,119.27,93.15,101.87,99.28,104.97,98.66,97.35,124.15,76.40,94.06,110.86,89.78,122.91,126.52,97.52,111.13,96.01,107.96,105.66
109.06,101.86,103.05,102.89,105.95,114.68,94.87,92.40,98.67,100.61,98.86,105.11,101.82,99.28,90.59,93.08,104.74,96.84,106.41,103.20,105.62,94.96,121.66,122.14,89.63,77.91,103.68,108.52,112.14,108.96
109.06,101.86,103.05,102.89,86.87,115.81,94.41,93.08,80.01,88.35,107.75,93.13,104.56,90.02,99.08,102.29,103.59,91.02,118.01,92.49,82.94,102.83,109.65,99.50,80.07,87.34,94.82,101.58,91.58,104.65
109.06,101.86,103.05,102.89,91.36,92.42,109.80,88.78,84.66,79.06,111.65,98.71,99.30,114.46,97.69,87.46,88.47,94.19,112.43,100.53,90.89,100.62,91.87,98.49,90.67,95.53,120.29,97.34,106.71,110.75
109.06,101.86,103.05,102.89,113.11,85.67,96.10,105.34,90.68,94.08,99.57,105.56,105.76,95.25,101.77,96.23,107.72,90.22,96.23,96.17,101.05,107.50,103.47,103.33,98.16,103.48,86.86,98.90,112.34,94.46
109.06,101.86,103.05,102.89,109.80,104.41,111.05,113.13,106.66,92.99,109.44,110.33,104.03,118.07,102.28,107.86,94.17,101.12,102.66,97.71,110.80,98.40,106.20,107.15,102.44,94.86,101.26,108.85,86.94,84.88
109.06,101.86,103.05,102.89,92.51,109.78,108.40,62.83,91.00,103.30,95.75,118.77,67.68,95.95,105.00,104.11,89.90,111.59,93.41,106.67,103.18,101.84,91.43,106.28,87.07,101.33,99.99,100.61,99.56,113.23
109.06,101.86,103.05,102.89,104.16,99.12,102.14,108.52,107.16,92.95,111.60,121.35,107.10,78.88,100.60,97.86,106.67,93.16,100.21,102.57,95.44,103.96,97.33,107.90,108.05,109.91,91.22,90.36,80.84,115.00
109.06,101.86,103.05,102.89,98.52,104.88,91.84,102.82,90.31,88.48,96.93,111.96,127.16,101.86,92.29,85.75,105.29,114.54,85.55,108.09,114.02,101.15,102.83,99.01,95.12,108.14,106.67,106.61,99.30,101.16
109.06,101.86,103.05,102.89,97.18,81.00,90.26,105.53,101.10,101.14,105.80,99.99,107.05,81.60,85.35,106.77,109.17,104.38,103.14,96.39,91.40,94.32,106.40,103.58,82.73,102.50,78.71,92.84,115.22,112.36
109.06,101.86,103.05,102.89,93.76,100.61,96.00,97.81,81.23,94.43,91.51,98.51,97.94,112.01,97.63,90.21,88.69,111.21,114.60,102.44,100.02,96.71,110.50,88.23,103.02,97.06,101.06,105.55,102.51,103.89
109.06,101.86,103.05,102.89,88.91,102.82,97.78,90.63,79.32,101.40,115.15,84.59,85.68,117.42,100.25,109.84,112.09,97.86,100.63,94.25,83.24,106.83,97.56,124.81,86.80,108.48,101.03,107.58,92.37,103.34
109.06,101.86,103.05,102.89,96.08,102.17,89.55,103.33,90.41,102.33,109.05,109.17,100.73,97.89,98.00,92.53,103.71,102.47,116.67,106.14,96.40,122.24,115.56,111.48,78.00,101.53,103.82,111.18,100.19,120.02
109.06,101.86,103.05,102.89,99.57,101.50,103.60,115.35,110.05,96.79,91.87,109.51,99.83,108.39,110.27,91.73,96.34,105.96,107.30,84.32,98.03,109.24,97.65,97.72,95.03,108.76,87.79,103.81,98.90,103.31
109.06,101.86,103.05,102.89,113.61,98.23,102.84,93.73,94.89,94.72,93.95,90.63,78.47,89.38,109.63,102.28,93.50,88.06,99.23,110.65,70.68,94.83,98.99,98.03,110.06,104.43,106.53,106.39,105.14,86.35
109.06,101.86,103.05,102.89,96.74,108.98,109.66,96.91,117.31,107.69,110.36,98.83,96.85,112.64,82.46,121.89,100.93,99.34,111.26,114.90,92.86,109.37,104.98,81.29,114.73,72.44,93.86,102.28,108.11,100.03
109.06,101.86,103.05,102.89,98.53,98.93,90.28,114.60,110.19,101.12,99.09,106.85,88.57,102.41,101.40,121.17,110.88,101.86,113.70,102.18,93.81,106.73,97.42,90.66,89.38,94.09,121.78,97.25,89.22,104.15
109.06,101.86,103.05,102.89,85.29,104.55,102.10,93.88,99.92,103.55,85.18,89.30,110.77,91.01,94.55,95.09,88.94,91.39,108.67,104.25,103.89,93.20,92.66,87.74,95.71,104.49,107.14,113.35,92.04,103.59
109.06,101.86,103.05,102.89,116.58,119.62,104.10,99.61,112.91,93.13,99.12,116.60,114.64,115.03,82.80,110.12,97.48,100.35,101.02,88.79,90.27,105.23,80.33,103.87,112.72,98.33,103.00,96.87,110.57,107.04
109.06,101.86,103.05,102.89,98.43,87.78,119.39,100.62,105.82,95.03,128.71,100.45,73.87,96.66,82.50,85.94,104.96,86.90,96.09,106.27,94.62,103.81,94.22,100.01,111.44,119.96,102.89,116.05,112.21,98.52
109.06,101.86,103.05,102.89,99.79,79.67,96.53,90.81,103.27,92.98,103.18,105.56,108.48,96.81,101.45,118.18,74.52,107.27,106.69,115.71,77.32,93.50,107.84,91.02,115.29,99.92,107.24,120.26,105.10,89.33
109.06,101.86,103.05,102.89,100.00,101.76,105.33,111.39,97.17,99.23,107.36,99.37,100.92,99.93,113.49,113.20,113.13,110.36,98.02,117.86,108.12,100.85,88.65,109.71,108.00,110.71,113.37,100.86,108.33,89.14
109.06,101.86,103.05,102.89,108.39,119.96,107.45,93.61,119.34,106.82,113.14,91.83,101.44,96.86,98.76,95.82,83.61,85.67,105.28,101.06,93.48,111.94,102.73,105.51,99.04,89.33,105.03,103.48,90.34,104.02
109.06,101.86,103.05,102.89,102.59,107.41,90.52,108.18,97.57,108.82,95.24,93.38,113.96,116.06,100.84,112.05,92.52,110.20,96.18,97.03,105.86,91.80,101.05,102.30,115.65,82.90,87.82,85.58,105.52,93.08
109.06,101.86,103.05,102.89,93.76,103.26,94.60,89.88,93.05,108.56,108.42,103.37,88.43,93.49,96.52,100.93,117.01,93.89,111.98,122.97,101.19,110.96,109.13,102.32,107.14,99.18,98.31,105.62,92.49,83.99
109.06,101.86,103.05,102.89,90.99,77.23,106.18,116.94,110.13,96.13,100.53,105.64,109.91,91.45,106.96,92.15,111.56,109.31,74.63,101.66,99.14,89.04,96.93,95.83,88.87,103.18,85.32,101.63,116.04,93.66
109.06,101.86,103.05,102.89,103.27,112.23,120.53,104.23,97.33,100.14,106.43,105.81,110.37,80.81,107.50,108.04,87.66,98.78,87.17,88.32,95.88,111.23,96.47,98.38,96.97,112.17,112.23,86.65,108.08,109.90
109.06,101.86,103.05,102.89,110.43,97.87,104.99,78.73,96.52,88.00,106.42,91.10,112.78,88.13,113.11,104.47,112.49,101.66,89.67,102.72,109.92,114.31,104.44,115.82,108.25,94.37,87.84,93.71,107.08,98.06
109.06,101.86,103.05,102.89,101.66,97.47,85.76,92.60,103.99,93.71,103.43,112.46,81.51,100.35,118.32,113.16,82.82,113.54,99.32,100.32,107.03,94.62,118.56,103.03,97.34,125.15,102.13,90.93,84.18,107.42
109.06,101.86,103.05,102.89,98.41,104.39,103.38,82.33,102.35,93.17,101.27,89.51,109.22,103.28,93.70,89.81,90.75,93.99,95.93,106.17,104.31,107.40,87.93,93.58,95.79,103.63,111.70,104.10,108.09,98.29
109.06,101.86,103.05,102.89,111.12,80.89,101.63,105.26,111.98,110.59,101.24,107.20,107.47,97.89,86.98,120.58,81.79,118.40,118.69,99.40,113.60,97.01,109.22,84.34,109.31,95.46,104.30,92.62,98.48,111.49
109.06,101.86,103.05,102.89,88.36,102.32,101.24,81.37,92.49,100.96,103.61,107.93,90.48,80.65,106.39,104.32,106.43,94.67,109.71,112.75,107.60,112.56,105.27,103.68,85.93,112.13,117.19,99.42,87.20,91.41
109.06,101.86,103.05,102.89,76.09,103.90,113.11,110.31,107.27,104.38,105.78,92.65,88.73,98.36,106.48,89.11,116.58,101.11,119.45,103.13,110.85,86.23,69.84,122.44,85.69,94.41,98.83,97.23,92.22,98.48
109.06,101.86,103.05,102.89,102.13,83.33,89.80,122.27,83.87,87.18,115.83,117.13,106.61,90.68,108.66,119.32,81.58,105.78,103.23,104.86,91.67,96.13,81.94,110.75,89.13,104.54,114.75,100.59,87.95,89.27
109.06,101.86,103.05,102.89,81.63,94.82,109.12,95.58,108.82,118.63,108.92,110.16,90.06,108.82,96.74,106.41,87.71,96.54,99.32,101.58,108.61,98.43,88.85,89.31,114.50,96.25,99.87,99.29,89.44,113.87
109.06,101.86,103.05,102.89,108.71,112.87,81.78,106.53,105.62,91.10,111.18,117.38,106.43,99.49,99.09,103.34,105.20,80.62,90.24,112.35,97.70,91.85,99.06,105.67,107.67,115.46,116.95,100.49,88.30,104.85
109.06,101.86,103.05,102.89,103.62,110.81,123.38,105.75,115.55,93.31,100.42,107.81,122.14,100.34,100.28,102.60,117.09,94.02,115.09,111.03,92.40,95.26,90.07,100.94,128.75,98.13,95.74,90.79,105.51,90.66
109.06,101.86,103.05,102.89,100.36,96.32,75.63,99.82,102.77,97.08,74.39,106.54,97.14,91.79,103.91,95.65,103.52,84.02,104.97,93.29,81.26,105.82,107.27,86.36,96.31,88.21,100.73,124.80,90.10,103.90
109.06,101.86,103.05,102.89,93.33,106.14,101.81,93.39,103.01,104.57,96.26,90.49,94.54,88.79,84.31,124.61,94.32,88.65,83.28,91.08,111.47,107.98,101.13,107.88,93.68,100.55,105.15,100.16,113.43,106.90
109.06,101.86,103.05,102.89,100.53,93.49,92.54,101.43,88.42,115.03,121.04,89.53,114.86,95.41,103.35,89.41,98.69,108.16,95.87,85.29,105.25,104.61,96.64,94.94,110.80,88.98,82.24,114.66,108.91,99.09
109.06,101.86,103.05,102.89,90.98,94.37,102.56,92.38,94.42,109.13,109.83,102.01,99.01,98.56,95.35,105.68,102.07,104.85,89.79,95.63,126.20,98.68,93.22,108.41,107.62,90.35,95.64,85.40,94.88,100.40
109.06,101.86,103.05,102.89,75.55,81.89,92.95,104.24,105.46,96.62,97.37,95.94,87.64,107.76,112.51,108.75,101.97,115.44,101.75,105.73,82.11,87.07,110.65,83.08,95.78,90.14,104.94,88.31,111.73,100.85
109.06,101.86,103.05,102.89,96.00,110.42,93.52,95.75,97.31,125.00,89.10,92.18,92.43,95.29,91.08,110.03,107.89,109.85,87.36,98.40,112.12,94.62,81.25,83.78,99.26,117.57,124.01,101.71,116.28,91.23
109.06,101.86,103.05,102.89,100.92,103.07,105.30,93.96,83.37,88.06,106.94,123.71,119.98,104.69,102.61,99.23,103.39,105.35,102.89,110.63,112.08,88.28,108.51,108.44,81.33,102.81,94.61,82.57,95.62,106.52
109.06,101.86,103.05,102.89,95.64,88.12,104.68,99.74,91.67,109.21,97.11,89.56,79.38,81.82,91.93,98.12,102.04,92.85,122.37,90.71,107.61,86.81,92.06,94.44,95.74,102.68,95.75,108.48,95.26,111.91
109.06,101.86,103.05,102.89,102.94,112.91,100.72,108.47,108.95,103.88,88.25,105.63,114.32,97.00,111.66,113.06,113.65,91.69,109.73,112.88,90.71,99.54,91.36,107.31,96.42,98.29,96.49,99.49,102.98,90.98
109.06,101.86,103.05,102.89,113.41,119.71,94.84,92.63,106.39,106.46,101.37,98.48,94.12,81.85,114.78,100.23,97.92,78.31,102.99,93.83,83.20,82.53,87.39,95.10,97.61,99.43,91.30,111.18,112.29,96.75
109.06,101.86,103.05,102.89,97.94,92.72,105.40,106.91,86.91,96.65,88.11,119.58,106.39,89.40,99.31,107.00,108.49,105.01,105.57,106.45,105.77,105.03,92.48,105.65,100.40,94.40,104.18,114.83,106.07,84.00
109.06,101.86,103.05,102.89,106.12,89.16,102.13,97.30,79.97,78.08,101.95,104.23,110.80,96.45,101.93,99.31,84.13,96.11,103.91,70.28,100.41,112.60,91.72,94.69,101.36,85.78,107.46,97.31,110.44,87.63
109.06,101.86,103.05,102.89,112.48,117.67,88.48,103.16,89.56,117.74,79.98,105.34,98.47,93.30,95.87,103.55,106.94,92.78,87.33,108.55,97.65,91.37,116.43,105.17,117.03,113.94,92.32,109.10,97.30,92.90
109.06,101.86,103.05,102.89,103.22,79.72,91.21,115.00,102.17,113.63,115.45,105.87,87.78,102.30,91.98,108.45,101.48,118.98,99.56,90.20,100.68,93.68,100.45,110.70,121.56,107.29,92.75,94.72,99.75,94.29
109.06,101.86,103.05,102.89,104.24,94.39,101.16,100.88,90.15,101.59,116.14,90.91,111.57,92.78,70.88,101.89,100.39,80.16,115.12,91.29,121.77,95.38,114.50,95.60,102.50,85.49,100.38,110.35,85.05,92.68
109.06,101.86,103.05,102.89,104.42,86.82,107.82,104.06,98.00,106.10,94.83,107.89,104.52,123.75,114.28,81.77,102.94,111.76,94.43,90.59,100.64,100.84,79.20,108.06,92.88,111.68,117.17,106.77,97.56,90.43
109.06,101.86,103.05,102.89,115.31,92.51,87.67,104.26,98.50,109.03,114.68,87.29,94.70,97.59,70.86,99.03,96.28,100.34,103.43,95.72,90.60,90.66,115.34,111.91,91.76,118.88,106.76,104.48,102.01,84.64
109.06,101.86,103.05,102.89,101.68,76.70,104.52,91.49,115.14,93.75,113.84,98.52,103.96,96.75,97.96,91.91,95.66,93.79,108.57,87.92,109.16,88.32,104.03,119.84,98.34,104.08,87.03,113.65,103.13,101.14
109.06,101.86,103.05,102.89,107.25,112.20,111.03,111.00,127.92,105.23,90.01,92.82,102.69,103.25,114.96,109.22,103.53,110.18,104.93,96.95,85.95,116.22,92.42,102.50,75.61,107.81,78.73,100.20,89.07,99.12
109.06,101.86,103.05,102.89,87.17,100.34,107.98,108.79,99.08,92.58,105.22,93.86,105.49,70.80,101.09,79.43,84.41,94.99,86.85,103.05,97.38,112.45,96.12,108.89,96.72,111.67,100.96,95.91,99.38,103.73
109.06,101.86,103.05,102.89,113.74,85.96,98.16,97.12,93.17,100.99,91.38,102.35,108.70,99.69,82.29,116.00,117.32,108.98,94.43,99.65,95.38,99.18,107.51,93.32,108.01,85.34,114.12,92.10,127.76,118.78
109.06,101.86,103.05,102.89,99.17,110.65,104.19,91.78,80.32,101.88,108.10,112.66,114.44,101.79,97.86,102.49,111.68,100.13,85.66,90.30,117.78,96.05,116.20,106.23,93.48,109.06,117.94,98.27,91.77,93.75
109.06,101.86,103.05,102.89,113.70,111.55,98.92,111.15,99.74,102.11,118.82,111.32,95.82,84.35,82.29,99.14,102.53,90.40,91.43,107.46,93.28,111.08,89.43,104.23,96.41,101.74,111.15,100.56,105.77,91.22
109.06,101.86,103.05,102.89,79.77,69.69,118.14,81.95,95.01,99.67,105.21,101.29,115.34,104.01,111.31,92.33,113.57,96.76,90.31,106.57,97.19,85.95,119.16,99.11,106.90,108.02,91.69,93.18,89.35,91.57
109.06,101.86,103.05,102.89,108.30,107.97,102.46,115.93,100.71,90.68,101.39,117.81,109.23,123.30,108.52,92.60,102.79,83.04,83.87,105.17,102.67,92.86,86.09,82.86,105.97,100.57,106.41,100.47,92.74,115.23
109.06,101.86,103.05,102.89,116.11,104.42,108.08,113.01,111.07,89.05,105.94,81.11,112.67,85.09,123.57,100.89,118.06,104.51,91.44,87.95,104.68,85.02,108.47,90.90,89.17,90.27,103.01,97.74,118.94,90.58
109.06,101.86,103.05,102.89,99.86,110.40,90.00,87.73,104.78,91.92,76.69,113.96,90.89,96.49,89.18,100.82,102.55,95.53,107.12,112.27,98.27,105.20,87.34,103.35,107.05,105.48,101.00,112.84,102.59,118.97
109.06,101.86,103.05,102.89,116.81,104.66,99.06,102.56,102.41,97.09,102.29,109.55,115.38,90.68,110.27,103.38,125.86,105.83,88.55,101.08,94.09,78.61,95.82,109.90,115.54,90.31,105.50,96.58,95.61,106.93
109.06,101.86,103.05,102.89,107.73,101.38,106.56,99.75,104.26,97.73,96.28,112.46,105.14,101.65,100.87,103.11,98.37,117.53,99.70,80.23,101.61,103.77,93.85,96.44,105.79,121.40,100.38,101.81,106.66,102.32
109.06,101.86,103.05,102.89,99.83,81.53,86.48,99.13,90.43,95.72,113.45,87.65,113.58,73.19,107.33,112.88,92.13,81.59,86.25,111.40,104.53,101.21,114.88,92.53,90.32,109.45,101.14,91.85,98.14,97.10
109.06,101.86,103.05,102.89,103.80,102.81,98.76,97.58,91.29,97.99,103.13,95.13,109.88,96.74,114.76,99.09,99.63,100.72,99.93,111.11,98.23,97.54,118.07,105.74,101.82,101.73,95.37,101.84,109.06,117.18
109.06,101.86,103.05,102.89,110.71,100.13,90.37,98.09,96.03,89.44,99.27,106.36,106.43,94.28,102.05,118.51,85.55,84.04,106.86,106.81,83.53,97.18,100.96,93.08,89.07,110.23,98.19,104.13,89.22,97.73
109.06,101.86,103.05,102.89,113.86,102.92,92.83,88.49,105.42,93.34,88.86,107.29,98.88,95.73,104.75,100.56,108.04,85.60,111.88,112.13,101.64,86.90,101.61,103.41,101.97,86.81,85.76,98.31,105.54,103.72
109.06,101.86,103.05,102.89,89.24,114.51,94.25,102.48,92.56,101.82,101.73,96.98,86.38,100.64,105.97,88.00,96.77,105.16,100.93,90.25,88.23,118.57,95.09,104.44,96.41,82.36,113.20,99.25,115.82,108.89
109.06,101.86,103.05,102.89,105.10,104.76,85.89,88.01,91.81,107.49,102.07,93.12,100.29,87.70,115.39,88.96,106.91,104.95,93.84,106.10,88.15,98.76,102.82,119.44,104.84,103.59,102.01,108.98,98.82,96.22
109.06,101.86,103.05,102.89,105.86,77.97,107.40,115.92,111.73,125.34,116.56,89.71,95.23,95.49,108.02,82.86,82.94,104.40,91.57,102.75,102.69,84.99,86.38,101.44,106.05,86.90,93.18,111.19,98.47,97.36
109.06,101.86,103.05,102.89,100.81,92.04,79.37,97.94,115.52,103.84,113.40,111.65,102.38,111.73,103.79,103.23,88.26,99.18,113.06,98.86,117.17,100.50,115.02,110.82,93.14,107.12,99.06,83.52,103.88,98.37
109.06,101.86,103.05,102.89,95.59,109.71,103.70,97.56,100.32,95.00,85.14,100.38,113.48,101.27,111.97,97.14,115.18,107.04,102.79,96.06,89.27,122.42,95.52,104.28,97.25,91.21,102.36,92.53,98.59,115.69
109.06,101.86,103.05,102.89,98.90,104.91,76.83,114.79,104.11,87.26,108.14,103.06,97.22,110.74,102.77,103.17,88.68,96.24,98.16,87.22,91.36,90.10,106.22,80.63,111.43,93.89,99.09,105.24,105.61,116.27
109.06,101.86,103.05,102.89,107.31,124.84,111.27,103.03,95.31,112.62,87.21,111.91,99.68,92.00,80.75,88.45,87.00,92.41,75.03,89.74,93.75,89.12,91.51,107.03,97.29,89.95,102.50,99.56,107.06,112.79
109.06,101.86,103.05,102.89,109.06,126.94,96.27,95.27,98.48,115.58,106.49,102.13,112.89,95.31,94.43,92.26,111.12,111.50,104.68,96.67,105.44,90.06,102.37,89.88,109.73,110.87,97.86,94.90,104.20,110.18
109.06,101.86,103.05,102.89,116.87,116.84,89.42,113.64,112.70,107.70,100.55,96.37,95.37,105.12,92.52,105.52,81.12,85.40,108.51,92.45,95.95,104.25,85.40,98.65,99.69,97.38,77.60,74.91,100.35,117.11
109.06,101.86,103.05,102.89,114.08,85.51,97.26,88.87,124.55,108.95,92.89,87.84,87.47,107.04,109.68,105.07,95.71,101.25,110.24,122.79,89.35,99.47,118.92,93.36,90.43,101.00,110.28,111.00,120.33,95.22
109.06,101.86,103.05,102.89,80.77,106.60,77.08,108.18,107.45,93.72,102.13,115.04,112.61,111.66,109.11,111.64,96.79,102.16,100.84,104.03,83.44,88.61,83.69,90.02,108.41,102.94,98.69,113.49,120.07,105.73
109.06,101.86,103.05,102.89,110.73,87.78,106.25,115.59,81.32,85.26,98.45,107.74,105.54,117.44,105.81,115.75,110.40,88.18,116.34,99.46,109.71,88.79,105.25,110.68,92.17,97.80,108.42,108.54,103.17,98.40
109.06,101.86,103.05,102.89,94.54,97.93,101.48,105.23,104.51,93.56,108.39,101.26,114.78,99.26,106.92,94.25,93.46,93.43,105.48,116.27,83.75,104.72,107.02,105.57,99.97,103.66,108.98,103.61,85.31,101.04
109.06,101.86,103.05,102.89,85.09,99.60,87.01,99.05,89.59,99.46,87.56,114.63,86.89,100.14,99.60,93.66,110.11,78.93,96.09,88.46,111.58,98.87,100.11,90.64,99.67,105.26,109.97,81.28,103.66,108.06
109.06,101.86,103.05,102.89,101.46,89.85,102.86,104.06,89.14,97.81,105.18,85.82,130.39,93.27,99.50,88.51,100.70,111.44,99.14,95.58,106.48,93.72,95.99,93.36,92.49,81.47,109.10,106.25,99.91,95.04
109.06,101.86,103.05,102.89,86.11,84.56,107.18,98.83,101.33,98.97,91.73,92.18,91.70,104.86,86.51,77.43,72.93,102.16,101.04,92.47,103.54,97.92,98.96,89.48,92.00,99.69,90.88,109.62,84.74,86.27
109.06,101.86,103.05,102.89,102.21,103.52,109.84,106.39,97.90,114.76,76.73,101.57,114.32,88.08,88.44,94.73,105.85,78.32,96.57,84.80,106.96,86.81,105.18,93.49,107.97,104.80,94.14,114.25,95.47,96.47
109.06,101.86,103.05,102.89,104.71,86.85,92.64,106.44,90.41,88.32,92.99,101.01,113.56,102.24,106.64,86.00,80.42,99.91,105.42,102.50,108.18,97.42,109.82,91.67,104.70,84.44,109.77,111.36,104.99,105.16
109.06,101.86,103.05,102.89,115.75,100.04,107.49,98.51,105.45,92.51,107.73,100.38,104.94,90.69,81.73,98.63,88.80,106.74,96.99,101.04,116.96,85.26,87.68,85.89,83.31,94.78,102.38,88.99,103.06,98.88
109.06,101.86,103.05,102.89,87.98,96.70,92.05,95.17,99.93,97.42,90.13,106.50,100.60,91.63,103.92,97.00,115.61,103.93,104.45,94.31,76.88,101.28,115.38,96.46,113.05,112.68,92.22,101.78,105.72,113.73
109.06,101.86,103.05,102.89,108.49,107.74,86.77,107.87,100.91,82.44,112.24,85.43,86.69,106.55,118.96,112.24,96.49,91.83,99.47,81.41,84.13,112.39,104.43,92.21,104.41,98.86,104.52,99.56,105.31,105.82
109.06,101.86,103.05,102.89,91.70,105.99,103.67,89.89,113.81,105.50,90.96,97.44,106.60,101.21,87.95,122.54,105.91,102.99,106.64,107.88,98.59,98.66,123.56,81.50,108.33,89.38,88.67,95.34,109.78,107.01
109.06,101.86,103.05,102.89,108.57,102.91,77.88,109.56,106.69,93.53,66.85,102.62,106.93,108.07,91.82,98.94,102.25,93.22,92.50,93.66,92.55,97.16,93.09,86.59,100.14,104.86,110.54,87.72,105.70,109.46
109.06,101.86,103.05,102.89,98.93,100.82,76.31,102.58,108.44,107.94,106.91,91.66,92.75,106.38,105.48,99.32,101.88,108.68,93.64,109.86,90.26,95.34,97.54,112.23,98.08,90.85,101.23,100.81,78.31,107.51
109.06,101.86,103.05,102.89,96.62,91.53,128.79,109.71,107.27,127.83,99.40,118.41,97.53,98.75,101.84,84.20,95.51,95.22,101.75,105.24,97.44,103.14,86.89,82.34,101.58,95.27,105.86,98.75,104.60,96.66
109.06,101.86,103.05,102.89,81.85,107.94,111.55,98.33,94.23,85.92,113.74,97.01,108.03,96.73,80.15,87.83,98.86,110.61,98.78,100.66,104.81,104.42,110.97,106.36,95.81,98.69,105.66,99.13,79.23,98.52
109.06,101.86,103.05,102.89,109.75,83.16,89.62,101.55,110.73,115.59,103.66,100.31,97.67,85.51,93.96,91.17,98.88,95.71,106.98,91.84,105.08,97.84,97.05,89.79,108.95,115.46,121.91,98.70,113.75,88.78
109.06,101.86,103.05,102.89,105.41,101.54,83.70,100.37,106.00,114.93,84.41,101.92,101.20,104.30,98.03,92.02,104.36,112.45,108.03,100.64,103.87,112.61,98.70,98.04,81.83,90.53,109.60,119.32,88.56,107.36
109.06,101.86,103.05,102.89,105.48,95.87,103.24,96.72,108.09,87.09,91.88,94.16,105.43,86.07,120.13,106.56,120.95,114.56,100.10,112.76,96.71,79.04,118.63,90.47,98.29,111.99,97.35,100.67,87.73,101.46
109.06,101.86,103.05,102.89,89.46,101.90,95.55,89.72,114.08,120.15,95.03,118.19,101.23,108.78,101.08,109.98,97.39,97.72,89.65,101.07,87.96,86.19,93.72,93.58,119.09,87.34,93.13,112.52,96.48,106.34
109.06,101.86,103.05,102.89,99.35,103.01,90.70,91.33,98.29,81.94,114.77,98.60,91.63,87.92,104.21,93.43,99.53,105.14,76.44,86.66,90.69,79.48,96.62,128.79,90.37,93.64,93.94,89.95,95.36,90.10
109.06,101.86,103.05,102.89,95.35,97.17,94.91,88.17,113.15,77.29,84.79,108.48,94.40,99.00,99.51,106.82,97.66,98.16,114.18,80.96,98.61,108.36,110.71,109.23,86.74,99.90,97.30,94.76,86.93,97.92
109.06,101.86,103.05,102.89,131.49,91.29,91.92,79.98,106.97,95.19,100.49,102.23,107.41,111.20,104.77,102.07,94.63,103.34,95.19,100.99,82.74,100.97,85.24,109.31,103.08,103.77,110.62,91.36,101.91,85.86
109.06,101.86,103.05,102.89,101.43,103.20,105.52,94.87,103.61,119.77,86.42,82.07,108.19,85.22,96.91,90.57,93.06,111.12,104.75,97.63,100.61,126.63,96.38,97.54,96.97,79.46,100.36,110.54,80.28,100.63
109.06,101.86,103.05,102.89,105.93,100.91,108.44,93.14,97.86,95.45,88.97,110.94,96.53,104.85,100.72,107.32,104.41,95.06,110.56,83.49,104.50,110.98,118.48,91.75,108.31,118.76,99.52,103.52,85.43,96.46
109.06,101.86,103.05,102.89,100.05,100.05,111.24,95.84,97.51,98.54,95.86,88.33,83.33,97.40,116.84,99.15,124.42,92.12,90.04,102.54,101.32,96.57,115.43,88.81,113.19,96.68,109.25,109.86,113.96,91.22
109.06,101.86,103.05,102.89,98.99,99.27,82.16,79.72,86.40,90.50,114.13,95.02,110.97,96.54,77.50,91.10,109.83,83.48,105.85,104.50,98.69,89.82,97.75,97.07,105.60,93.08,80.53,99.83,112.36,91.63
109.06,101.86,103.05,102.89,112.31,80.54,104.12,80.58,90.61,117.40,114.73,101.25,93.96,103.32,114.44,93.42,89.01,95.95,105.65,96.62,99.26,113.20,110.85,90.87,99.06,92.32,95.37,77.99,75.37,105.47
109.06,101.86,103.05,102.89,86.56,96.14,119.91,97.06,91.16,94.89,104.94,81.92,114.33,102.61,106.93,88.49,92.86,127.48,105.16,110.79,111.68,102.42,90.20,100.75,100.71,101.19,97.07,106.95,85.30,104.35
109.06,101.86,103.05,102.89,91.28,84.42,106.51,97.57,102.87,105.94,103.15,91.16,89.35,99.82,98.84,106.84,93.73,97.17,91.43,112.97,90.97,110.12,114.20,96.48,96.18,90.08,100.92,98.77,126.09,118.68
109.06,101.86,103.05,102.89,129.22,102.94,84.42,111.46,104.76,94.09,108.33,115.06,85.44,84.24,91.09,109.84,101.26,79.54,106.48,114.88,124.38,108.61,91.95,84.47,126.90,104.34,115.97,90.27,100.38,95.19
109.06,101.86,103.05,102.89,95.21,99.55,106.59,100.01,100.70,110.26,107.77,107.93,94.90,96.86,110.85,93.75,85.78,90.94,109.70,101.02,88.75,92.38,97.68,95.06,102.89,85.15,93.92,112.83,104.51,92.12
109.06,101.86,103.05,102.89,98.95,92.72,99.28,96.24,99.26,85.04,96.50,92.89,104.89,95.31,105.21,96.27,112.34,96.52,106.91,98.23,103.47,84.86,105.37,95.36,93.44,112.28,104.91,93.47,91.03,104.95
109.06,101.86,103.05,102.89,103.56,116.84,93.56,98.34,117.22,94.43,110.61,96.76,100.22,108.41,114.80,94.25,88.00,107.73,85.12,96.66,101.25,98.15,115.55,97.04,103.68,110.55,109.73,102.55,101.15,87.31
109.06,101.86,103.05,102.89,92.26,98.70,102.69,96.17,101.55,106.34,100.06,104.23,81.15,93.31,109.19,106.13,110.88,91.88,93.94,98.12,92.23,101.54,103.94,84.81,108.02,98.45,99.31,122.21,87.69,115.60
109.06,101.86,103.05,102.89,110.80,84.17,101.94,109.41,99.81,96.87,118.36,99.73,98.56,98.70,109.11,89.82,91.42,102.39,112.45,104.60,121.88,102.20,114.18,92.55,100.67,81.64,97.05,102.52,117.52,95.74
109.06,101.86,103.05,102.89,105.98,103.68,121.09,110.42,104.99,110.23,105.05,97.66,93.06,96.47,85.73,89.88,97.84,103.42,119.87,103.53,96.74,102.61,110.03,105.87,98.60,103.41,84.90,100.03,100.28,89.24
109.06,101.86,103.05,102.89,100.29,87.13,122.53,108.16,116.80,100.03,121.08,100.46,108.60,97.37,90.57,97.59,87.88,100.13,104.32,92.03,98.27,107.02,106.25,89.00,104.20,84.35,100.96,101.66,103.16,116.00
109.06,101.86,103.05,102.89,114.86,89.02,104.07,104.23,88.61,109.36,97.64,109.51,92.91,110.01,113.04,85.98,98.05,107.92,90.02,97.70,105.88,107.44,96.09,102.13,103.17,104.20,115.71,109.45,79.31,101.18
109.06,101.86,103.05,102.89,98.37,98.86,106.22,94.38,86.73,116.72,99.17,88.48,105.62,87.80,85.05,99.08,91.64,111.13,112.61,100.77,105.33,107.91,102.55,117.11,102.87,113.55,97.07,107.11,78.30,92.68
109.06,101.86,103.05,102.89,93.29,84.89,106.41,112.84,104.10,96.22,102.41,102.11,98.81,94.00,100.32,99.83,84.51,108.16,80.90,86.28,112.45,96.76,99.47,98.55,91.27,104.07,100.97,107.35,98.09,117.61
109.06,101.86,103.05,102.89,106.03,98.33,86.18,90.04,108.55,93.36,88.18,106.00,95.45,102.45,98.58,93.72,106.20,100.53,68.87,111.77,80.67,83.56,88.39,85.62,91.82,83.45,82.27,90.00,93.98,87.42
109.06,101.86,103.05,102.89,91.58,89.76,96.44,87.87,99.11,110.26,102.97,98.49,94.54,97.96,102.59,83.55,94.13,100.81,96.25,92.34,71.51,94.34,109.77,101.50,106.72,93.75,92.32,99.03,90.27,101.27
109.06,101.86,103.05,102.89,96.54,100.71,95.36,102.62,89.00,104.81,107.24,112.01,92.24,99.59,124.26,93.41,99.58,97.09,107.98,99.19,104.80,110.90,103.59,92.95,98.94,85.95,108.55,111.43,88.61,89.06
109.06,101.86,103.05,102.89,106.21,109.90,115.67,94.23,102.82,98.83,92.15,110.58,119.08,89.74,107.98,105.85,90.36,104.15,100.79,95.28,97.56,91.81,109.20,116.04,113.16,95.03,97.03,85.31,105.74,101.73
109.06,101.86,103.05,102.89,75.25,91.04,102.56,96.95,109.93,96.53,89.48,81.29,99.89,97.48,104.68,104.70,95.12,109.14,84.55,89.17,92.48,99.52,115.70,81.00,115.60,97.41,108.26,119.53,109.80,109.61
109.06,101.86,103.05,102.89,104.60,99.19,90.19,94.04,125.61,102.06,84.67,107.48,107.11,106.37,98.66,100.27,97.83,97.45,108.91,86.30,98.89,121.94,99.20,109.81,101.64,106.65,99.17,102.94,109.45,100.33
109.06,101.86,103.05,102.89,102.40,95.88,81.54,83.70,90.31,98.86,108.24,90.09,109.58,106.90,100.82,108.20,108.62,116.99,88.11,106.22,95.14,93.96,99.28,89.22,102.88,92.03,94.24,101.97,92.09,96.50
109.06,101.86,103.05,102.89,105.65,118.68,111.60,106.31,90.44,90.55,102.23,101.29,99.17,79.34,104.56,95.33,110.35,107.86,98.29,101.29,104.73,112.52,93.96,125.20,100.33,89.61,82.69,112.47,111.83,93.38
109.06,101.86,103.05,102.89,93.63,110.27,97.59,108.86,107.33,84.77,120.77,118.79,89.63,110.21,114.46,100.40,87.28,96.58,103.82,93.53,120.21,104.51,95.38,117.55,82.08,96.26,101.78,92.86,106.70,91.82
109.06,101.86,103.05,102.89,111.85,100.01,111.07,115.69,101.52,67.24,118.11,108.03,102.92,87.43,93.28,93.33,93.60,95.52,91.65,101.40,109.94,104.06,102.73,84.12,95.37,102.27,94.92,95.31,116.07,107.10
109.06,101.86,103.05,102.89,93.53,102.27,105.34,107.64,92.16,86.68,90.11,107.28,93.90,101.82,104.21,115.83,111.05,94.28,95.65,86.39,105.23,87.83,110.11,102.49,108.44,96.00,94.73,103.00,106.46,78.83
109.06,101.86,103.05,102.89,99.43,94.43,99.27,94.40,104.56,105.01,108.93,104.65,88.45,106.71,101.36,112.62,91.88,102.60,112.58,103.59,91.04,94.75,85.61,102.92,104.28,96.59,96.45,109.61,93.11,111.75
109.06,101.86,103.05,102.89,100.88,95.49,96.41,106.75,89.88,89.96,89.78,99.79,106.83,82.06,98.17,107.47,93.04,96.04,84.59,96.38,115.27,98.55,107.44,87.16,97.01,98.04,114.22,87.97,96.89,108.30
109.06,101.86,103.05,102.89,90.21,89.89,106.67,106.08,116.49,103.63,102.03,108.32,131.21,116.21,95.91,96.45,100.13,100.75,100.16,103.44,106.75,108.36,96.04,89.25,102.20,101.68,91.28,113.28,103.54,100.57
109.06,101.86,103.05,102.89,114.45,112.62,91.37,94.52,108.86,70.26,109.26,93.30,98.53,103.77,107.07,99.83,90.53,94.64,118.74,115.58,97.84,96.42,109.79,84.46,96.40,96.40,97.95,101.92,97.30,100.73
109.06,101.86,103.05,102.89,91.32,94.80,119.17,99.41,102.96,111.48,84.24,103.35,95.79,111.58,124.69,102.83,94.72,108.82,95.36,79.97,98.22,108.40,109.92,92.84,106.37,98.01,103.31,106.40,107.00,111.71
109.06,101.86,103.05,102.89,104.80,101.05,95.10,105.93,111.72,101.28,91.34,86.15,99.43,104.86,91.09,108.61,118.97,86.69,108.25,91.58,83.44,101.31,94.68,92.03,105.17,99.18,113.61,85.13,103.49,100.79
109.06,101.86,103.05,102.89,105.47,87.82,106.75,123.82,88.58,112.22,84.69,102.67,106.57,103.93,93.31,116.04,82.55,97.61,101.10,96.07,102.41,117.02,110.57,88.07,96.39,95.59,100.01,102.32,89.11,79.17
109.06,101.86,103.05,102.89,110.67,89.37,99.35,85.69,89.04,110.75,89.74,104.81,101.26,95.91,98.90,103.40,97.68,108.59,91.97,89.59,105.39,116.09,113.31,81.07,115.63,110.71,108.21,107.09,84.50,102.69
109.06,101.86,103.05,102.89,99.25,99.46,80.35,105.48,121.30,108.19,98.90,105.13,101.46,103.28,87.95,83.19,96.30,90.97,111.69,124.29,116.44,84.77,114.79,88.76,97.16,103.85,84.22,100.20,98.10,88.51
109.06,101.86,103.05,102.89,107.04,93.87,95.22,96.69,87.89,93.77,90.99,91.02,113.84,89.72,93.68,98.25,104.79,78.45,79.78,108.35,98.82,100.89,95.40,108.76,85.14,76.99,100.12,110.76,107.22,90.38
109.06,101.86,103.05,102.89,111.19,82.83,106.98,82.05,92.79,111.64,114.13,101.22,91.57,100.54,96.66,83.29,101.01,104.16,95.67,103.85,83.67,89.09,99.25,95.95,107.22,105.12,101.76,91.82,121.78,104.99
109.06,101.86,103.05,102.89,109.28,103.30,99.11,97.99,78.54,108.93,102.64,98.03,95.59,75.25,95.57,110.46,90.51,112.11,109.66,110.16,98.24,107.68,99.43,103.79,94.45,95.33,105.74,114.50,103.65,100.06
109.06,101.86,103.05,102.89,108.42,96.23,84.74,102.09,111.65,99.90,94.43,92.71,106.70,90.00,110.53,91.26,113.85,109.34,102.10,97.09,122.86,114.80,87.02,95.13,88.34,110.28,97.66,88.90,83.23,100.38
109.06,101.86,103.05,102.89,115.72,102.96,105.17,104.73,107.59,71.62,112.74,114.70,114.71,114.45,99.46,115.18,95.61,110.68,90.28,107.53,108.84,109.35,113.56,99.16,107.07,97.67,105.43,91.17,84.50,107.16
109.06,101.86,103.05,102.89,104.61,110.95,102.21,96.49,94.81,103.27,96.47,94.57,98.40,92.05,101.68,106.15,96.27,107.36,111.74,85.39,86.33,95.86,97.48,111.16,117.48,106.23,101.39,84.11,97.84,85.82
109.06,101.86,103.05,102.89,100.59,105.37,92.36,99.36,83.61,97.09,92.83,102.66,102.62,96.28,110.52,86.72,104.52,95.24,117.93,89.28,94.21,98.79,101.12,89.83,101.83,102.84,106.50,110.13,89.90,102.79
109.06,101.86,103.05,102.89,100.12,104.59,90.21,91.67,107.62,69.63,100.86,116.45,95.58,101.56,110.90,109.13,95.27,104.74,110.10,97.54,83.64,115.46,98.36,103.51,107.88,94.09,106.92,91.31,100.54,101.76
109.06,101.86,103.05,102.89,93.10,94.58,101.56,103.83,105.95,104.45,114.83,98.19,87.09,103.51,92.04,101.24,108.53,94.22,98.91,102.68,89.67,94.24,103.51,111.32,92.35,113.51,100.96,99.78,125.16,104.90
109.06,101.86,103.05,102.89,94.53,103.78,98.89,93.36,92.85,96.93,106.96,108.76,101.96,97.49,101.84,109.17,102.42,98.66,96.67,91.37,88.93,102.36,87.71,69.33,92.23,118.26,102.35,94.41,110.25,115.86
109.06,101.86,103.05,102.89,111.95,95.52,107.23,99.43,107.19,96.34,87.34,118.66,102.27,89.18,114.41,115.97,96.57,100.24,107.00,98.74,97.23,88.58,112.08,91.56,84.51,113.93,101.74,98.65,82.12,92.53
109.06,101.86,103.05,102.89,98.06,97.01,107.94,86.11,111.38,113.28,101.34,91.43,94.37,101.94,105.83,95.08,112.94,94.38,86.63,114.04,106.24,94.60,104.21,97.91,112.47,114.05,101.71,84.89,111.45,88.53
109.06,101.86,103.05,102.89,95.79,83.75,104.34,94.22,97.11,100.81,90.67,84.91,108.33,107.24,83.59,103.61,92.05,89.62,99.18,107.16,106.71,97.74,91.37,116.22,122.07,77.60,90.28,109.10,94.83,91.49
109.06,101.86,103.05,102.89,98.21,115.00,92.99,111.80,101.66,91.99,95.19,102.64,108.92,105.15,108.76,102.80,97.67,92.81,123.01,95.83,113.19,108.95,77.19,96.32,102.07,94.55,101.07,103.35,92.88,84.76
109.06,101.86,103.05,102.89,96.72,119.58,83.14,95.83,89.32,98.64,86.23,99.77,98.46,104.83,113.85,101.19,92.40,96.21,97.52,105.53,109.58,116.03,98.37,109.79,94.28,101.85,92.03,104.91,94.08,96.85
109.06,101.86,103.05,102.89,96.12,99.91,97.52,91.37,107.30,96.28,103.22,102.98,92.91,103.03,102.23,99.25,86.64,78.99,102.67,113.54,75.99,86.15,94.64,93.88,112.52,100.60,98.79,76.54,71.84,102.79
109.06,101.86,103.05,102.89,106.80,97.88,94.49,103.35,91.57,113.00,102.74,108.68,104.32,91.21,85.84,110.15,112.73,102.99,106.97,102.60,121.21,85.88,103.94,119.65,110.06,90.81,101.51,94.39,108.78,112.30
109.06,101.86,103.05,102.89,110.70,114.11,109.43,112.33,94.76,104.29,74.32,98.81,104.10,91.64,90.66,85.97,116.16,103.57,103.23,101.89,98.69,105.27,102.27,95.72,92.89,99.64,103.51,90.76,103.92,89.55
109.06,101.86,103.05,102.89,83.43,124.97,94.26,96.50,98.04,99.96,93.38,89.87,87.68,105.93,85.04,113.11,99.61,102.07,106.67,101.76,90.64,103.61,103.68,83.00,92.51,96.19,104.43,111.61,89.35,98.38
109.06,101.86,103.05,102.89,105.94,115.82,107.69,92.54,87.27,92.53,110.91,86.21,106.99,107.91,95.87,74.89,107.19,125.62,101.71,112.16,100.07,98.08,95.66,121.53,114.47,97.63,97.84,95.14,86.35,101.62
109.06,101.86,103.05,102.89,94.43,112.85,104.53,114.09,109.17,101.53,96.26,107.47,93.24,73.78,100.34,109.35,110.23,119.68,113.79,103.66,107.12,120.21,105.68,91.95,108.76,113.22,91.71,102.89,97.90,106.15
109.06,101.86,103.05,102.89,104.56,92.75,110.02,99.45,107.08,106.98,91.38,117.31,106.00,109.38,117.22,107.48,97.84,93.41,84.36,87.17,119.38,108.44,94.39,94.68,116.98,100.16,106.32,93.50,100.91,96.32
109.06,101.86,103.05,102.89,89.57,91.40,99.35,111.11,88.27,98.78,87.77,93.91,114.70,104.53,108.23,83.24,107.98,94.05,86.19,92.46,78.12,82.25,117.39,102.68,105.75,89.90,87.51,112.29,99.59,117.28
109.06,101.86,103.05,102.89,103.01,102.73,96.60,78.83,85.63,103.68,94.17,109.53,92.34,114.02,107.61,95.67,119.40,99.02,91.20,81.10,90.08,102.56,92.02,104.41,127.72,89.72,104.63,106.59,90.72,98.41
109.06,101.86,103.05,102.89,110.95,95.90,98.49,96.32,96.11,97.50,111.51,108.03,119.23,112.22,108.15,95.28,102.98,92.35,103.09,90.43,91.92,99.02,88.26,88.96,116.17,101.74,94.74,104.38,90.05,90.87
109.06,101.86,103.05,102.89,83.54,100.27,84.41,106.91,97.60,98.17,99.85,91.74,98.46,107.30,111.86,92.90,104.75,110.56,98.88,85.97,100.38,98.55,116.24,96.51,108.23,91.31,95.28,97.15,122.10,103.16
109.06,101.86,103.05,102.89,89.22,92.33,111.42,82.87,117.13,119.72,90.48,106.97,93.24,123.16,109.83,85.77,107.34,111.93,117.97,86.84,98.12,86.01,106.79,104.51,84.88,82.34,107.12,108.22,107.73,102.30
109.06,101.86,103.05,102.89,84.29,101.04,92.82,95.42,108.68,90.89,102.21,75.63,102.94,112.91,93.94,102.90,94.76,106.34,100.80,110.79,84.80,98.69,96.06,105.12,112.77,104.75,91.95,97.50,89.26,99.35
109.06,101.86,103.05,102.89,94.55,99.19,94.37,125.94,96.84,119.75,103.21,95.80,99.70,109.48,124.90,107.76,98.47,90.31,83.37,114.89,91.82,96.99,109.52,108.05,94.11,96.81,102.17,107.78,101.88,90.83
109.06,101.86,103.05,102.89,111.10,86.48,109.83,98.61,116.85,105.57,110.91,112.63,111.47,101.56,107.29,105.14,92.58,102.73,101.85,106.28,96.96,81.59,100.51,97.29,92.58,103.61,112.56,108.55,103.54,115.19
109.06,101.86,103.05,102.89,111.78,109.38,115.57,107.57,108.21,74.70,89.86,92.82,99.25,85.97,92.05,110.85,100.70,99.05,110.43,93.78,111.26,94.56,93.32,87.58,94.48,99.39,113.37,101.26,99.08,112.66
109.06,101.86,103.05,102.89,95.48,102.42,104.31,94.34,105.04,96.84,102.11,99.96,105.82,111.01,89.93,103.98,99.60,110.63,97.24,90.57,108.47,113.05,115.69,100.69,96.34,98.94,88.19,105.15,100.84,101.41
109.06,101.86,103.05,102.89,93.89,92.40,99.04,100.01,96.31,106.56,103.84,95.82,113.19,109.50,102.92,104.26,100.79,94.61,105.45,87.31,107.40,93.63,106.25,94.38,101.41,107.48,108.41,89.92,111.22,91.02
109.06,101.86,103.05,102.89,104.67,108.05,108.51,91.00,103.41,95.89,107.11,115.16,105.19,111.73,91.07,107.49,112.30,105.70,96.53,106.72,106.85,120.05,105.41,92.73,108.97,98.82,106.77,101.93,102.48,84.37
109.06,101.86,103.05,102.89,81.84,98.90,101.85,101.52,89.65,107.38,93.13,119.92,89.20,76.46,98.24,113.78,101.60,107.36,106.33,112.05,100.82,102.86,87.46,104.99,111.87,84.47,105.56,118.21,99.14,110.06
109.06,101.86,103.05,102.89,105.87,94.05,102.32,92.11,109.57,118.99,114.53,102.09,98.93,94.04,109.48,91.33,97.29,95.33,110.70,103.79,96.77,95.02,87.95,83.65,106.31,116.08,110.28,114.64,112.68,107.90
109.06,101.86,103.05,102.89,107.27,94.69,106.51,114.49,112.81,97.94,101.35,91.12,111.44,93.28,91.76,117.41,110.52,79.47,97.36,93.05,108.45,85.80,81.96,102.75,99.60,96.16,96.26,105.56,80.42,93.70
109.06,101.86,103.05,102.89,93.55,102.15,95.41,93.46,104.17,74.50,88.91,98.97,89.75,108.24,90.87,102.81,96.09,97.01,115.09,101.15,111.45,116.89,117.39,109.46,76.75,97.94,90.16,105.97,109.03,91.98
109.06,101.86,103.05,102.89,92.91,77.38,112.46,96.70,100.08,104.65,100.34,90.52,83.08,98.52,103.84,116.59,85.47,106.56,109.01,107.20,91.73,94.10,89.03,93.39,90.86,99.87,97.23,89.78,93.45,86.22
109.06,101.86,103.05,102.89,106.89,97.70,93.46,103.64,98.13,91.41,92.90,96.17,96.82,94.30,97.33,95.30,110.25,111.65,85.10,94.92,94.09,103.11,113.34,106.30,103.25,91.25,108.21,90.48,96.70,95.29
109.06,101.86,103.05,102.89,101.60,89.62,95.61,90.09,72.98,87.49,83.08,99.56,113.08,111.49,106.07,100.58,112.54,101.71,95.63,99.55,80.85,111.35,103.57,96.02,102.93,86.40,102.67,96.65,102.83,98.03
109.06,101.86,103.05,102.89,103.59,96.98,83.43,106.81,109.29,97.66,109.62,110.62,83.55,108.68,95.77,104.50,117.99,89.07,104.12,83.88,99.67,98.42,124.50,83.64,76.80,101.69,104.74,84.45,83.23,103.90
109.06,101.86,103.05,102.89,88.19,100.88,115.60,98.49,92.69,115.12,112.63,98.24,83.31,101.70,94.95,95.27,84.40,100.38,103.58,113.31,106.66,106.33,99.86,104.45,114.50,106.59,97.59,95.50,91.58,104.19
109.06,101.86,103.05,102.89,91.23,102.47,121.53,111.67,96.09,100.81,101.23,105.26,111.11,92.96,119.54,119.57,95.05,94.90,95.31,79.16,88.88,87.50,116.90,115.61,126.15,92.53,75.88,96.80,95.93,99.54
109.06,101.86,103.05,102.89,109.07,100.52,106.29,98.29,111.08,85.48,103.98,93.71,100.34,104.91,101.48,117.56,94.46,95.48,114.18,104.80,79.51,98.85,89.86,114.66,106.69,96.38,98.11,98.40,80.33,94.63
109.06,101.86,103.05,102.89,115.11,109.88,114.32,108.30,97.25,99.95,109.95,94.04,91.84,84.53,84.08,100.31,94.37,80.74,105.06,84.39,102.78,87.46,100.40,84.11,93.05,92.36,107.70,121.51,121.32,93.60
109.06,101.86,103.05,102.89,89.51,97.73,106.53,91.79,104.08,114.89,118.86,95.96,92.20,107.09,95.83,96.87,101.95,94.25,88.48,107.28,105.16,93.24,114.39,109.65,90.61,91.13,94.73,93.86,103.96,103.04
109.06,101.86,103.05,102.89,73.43,90.26,104.85,101.78,96.09,120.10,101.41,94.43,86.99,100.86,117.68,86.28,97.31,113.45,104.23,88.90,118.19,108.62,86.46,91.70,112.27,118.18,106.59,100.61,114.86,111.20
109.06,101.86,103.05,102.89,103.48,87.36,110.41,111.38,106.51,96.24,94.04,84.04,111.94,110.99,94.67,98.73,103.73,99.51,111.47,98.27,96.91,96.82,95.44,97.60,112.22,79.49,104.17,99.03,91.62,102.92
109.06,101.86,103.05,102.89,90.26,86.63,108.81,103.72,94.73,110.50,94.47,79.27,103.38,107.09,80.49,96.65,103.39,92.12,106.19,82.85,100.36,110.01,83.95,108.06,101.25,92.87,103.01,88.52,88.29,115.56
109.06,101.86,103.05,102.89,106.19,100.02,92.08,100.05,106.48,109.36,114.12,92.77,88.38,99.35,81.56,93.93,96.50,114.48,94.70,93.75,103.57,107.28,94.34,98.70,94.47,95.82,99.49,98.23,89.88,113.92
109.06,101.86,103.05,102.89,104.37,94.56,88.46,114.46,101.45,97.49,110.23,115.54,101.44,97.33,91.43,102.38,94.29,92.65,79.10,102.40,101.45,110.10,98.27,96.92,114.14,110.81,96.53,73.50,85.54,91.79
109.06,101.86,103.05,102.89,91.26,99.69,100.91,118.66,93.87,117.82,99.99,98.36,81.41,84.17,109.66,104.44,105.67,117.72,115.62,104.96,90.37,100.65,98.21,109.09,90.95,106.86,84.12,94.13,90.18,95.01
109.06,101.86,103.05,102.89,85.36,100.17,95.99,95.79,98.44,103.31,99.78,109.94,103.57,117.61,76.02,103.39,101.52,109.46,88.58,97.47,109.38,93.74,103.25,110.97,96.41,110.35,99.97,92.06,90.96,78.61
109.06,101.86,103.05,102.89,122.34,96.42,119.13,102.58,107.14,96.16,106.19,88.34,114.65,89.86,94.58,104.11,93.90,101.59,87.11,98.91,101.20,91.50,120.34,86.79,86.59,87.72,84.35,105.97,92.30,111.00
109.06,101.86,103.05,102.89,91.88,104.99,117.09,104.38,97.43,107.32,99.42,119.97,102.74,101.18,106.02,109.68,94.66,99.68,89.13,103.18,106.98,114.11,86.74,110.20,100.53,105.26,90.51,103.40,87.57,110.24
109.06,101.86,103.05,102.89,96.82,102.28,102.57,116.50,98.08,78.81,99.07,98.58,99.63,99.13,98.44,93.10,86.22,95.23,89.39,105.49,98.06,107.19,95.96,116.88,88.63,102.71,103.85,123.59,112.78,93.52
109.06,101.86,103.05,102.89,103.96,92.63,94.55,88.96,104.34,100.00,102.82,90.48,91.18,110.86,107.75,115.87,98.46,104.43,100.81,117.87,117.20,92.48,108.21,88.65,108.51,118.31,100.83,105.66,88.39,109.17
109.06,101.86,103.05,102.89,100.89,93.87,115.52,95.34,104.90,114.27,94.61,97.52,94.02,88.56,79.35,104.25,95.40,116.61,103.56,103.59,99.29,93.50,111.03,104.60,96.69,100.21,99.30,100.55,98.77,92.31
109.06,101.86,103.05,102.89,102.48,89.14,111.17,107.30,107.19,108.10,89.07,82.84,112.95,101.64,94.68,115.49,78.69,90.11,85.79,92.69,111.58,110.14,119.65,99.28,98.99,95.01,93.50,102.45,92.26,109.23
109.06,101.86,103.05,102.89,83.91,99.23,101.28,87.53,103.57,95.84,91.14,102.62,84.36,86.40,115.00,90.93,103.11,90.86,103.01,87.03,98.84,103.17,103.58,98.49,87.63,91.32,92.77,82.06,110.99,108.42
109.06,101.86,103.05,102.89,92.23,102.79,114.22,127.99,99.52,95.94,92.52,98.94,106.71,115.53,97.72,105.35,102.91,100.88,109.83,97.11,98.93,120.66,93.32,109.61,107.40,93.66,103.93,87.78,118.24,98.63
109.06,101.86,103.05,102.89,79.07,97.61,99.89,78.07,102.63,119.98,113.91,96.59,86.32,111.07,93.22,90.74,99.78,104.03,86.32,120.65,112.73,118.49,89.22,113.53,100.62,131.68,101.33,95.42,96.65,76.79
109.06,101.86,103.05,102.89,109.20,107.41,103.59,94.55,101.01,97.45,107.20,88.56,92.80,99.43,83.84,76.07,109.82,106.52,111.27,96.09,88.17,113.52,109.91,116.90,109.15,99.80,96.43,95.02,110.19,109.14
109.06,101.86,103.05,102.89,94.77,103.35,96.36,86.06,98.17,101.05,95.01,98.74,88.46,102.74,90.56,93.73,104.38,101.55,96.26,101.63,90.23,103.28,105.14,94.82,100.81,106.60,126.71,106.97,101.00,109.34
109.06,101.86,103.05,102.89,113.47,89.62,117.23,106.57,107.65,84.52,95.16,103.55,90.23,112.31,82.70,114.23,95.16,100.24,80.45,90.88,114.02,108.54,95.71,95.35,102.10,97.76,95.52,116.55,97.50,95.82
109.06,101.86,103.05,102.89,100.56,109.84,98.72,90.96,87.83,111.74,97.78,105.80,112.06,101.65,106.13,109.30,90.81,106.66,105.93,94.42,99.51,100.30,105.12,92.50,82.77,84.09,102.83,94.45,92.02,88.64
109.06,101.86,103.05,102.89,100.29,106.49,96.62,70.19,97.35,105.19,94.59,104.91,99.66,95.34,99.29,99.51,98.51,108.26,85.06,94.14,119.12,108.84,117.61,107.95,116.05,87.24,113.16,109.23,82.28,93.47
109.06,101.86,103.05,102.89,98.68,93.41,116.13,104.61,83.82,108.66,114.66,107.87,109.01,104.10,96.84,106.59,113.87,116.84,101.90,99.56,99.65,101.29,97.69,100.76,101.99,96.27,120.66,93.71,108.60,110.21
109.06,101.86,103.05,102.89,96.23,93.17,98.81,97.12,108.45,89.12,98.98,99.00,103.50,102.53,89.31,95.31,97.44,92.90,88.21,97.88,109.94,107.21,112.93,100.49,94.53,104.13,85.21,76.94,123.80,111.59
109.06,101.86,103.05,102.89,95.25,97.94,101.09,106.20,113.34,75.57,102.21,104.11,109.74,102.46,93.88,89.68,95.71,111.14,91.65,73.89,98.53,114.87,125.98,88.81,102.90,93.59,110.60,105.65,101.12,91.50
109.06,101.86,103.05,102.89,93.77,96.34,112.30,108.45,94.87,90.15,103.62,93.09,101.85,96.69,87.03,104.96,116.22,114.71,92.94,100.14,91.84,85.61,87.87,85.30,102.39,94.57,89.28,104.36,99.14,102.07
109.06,101.86,103.05,102.89,103.25,88.36,104.05,84.07,105.86,101.37,109.72,102.93,105.35,91.63,108.80,108.24,105.53,102.42,78.06,76.43,90.67,84.00,89.36,96.71,106.37,111.09,108.97,101.36,91.75,102.96
109.06,101.86,103.05,102.89,93.56,99.82,111.11,86.46,100.09,91.00,108.78,100.49,104.89,93.80,100.36,107.25,100.28,91.31,92.55,104.14,100.11,84.56,104.46,105.94,96.15,99.31,80.35,94.02,101.61,106.22
109.06,101.86,103.05,102.89,108.30,91.85,102.58,118.77,105.83,96.46,103.93,88.81,96.21,98.19,108.80,109.15,103.85,91.47,87.44,85.56,81.27,118.12,83.08,102.08,105.98,90.35,93.67,114.13,99.29,92.97
109.06,101.86,103.05,102.89,110.18,107.37,106.34,104.17,122.46,99.78,106.35,116.11,107.26,97.58,72.74,91.63,85.97,83.56,96.65,104.18,108.74,98.01,92.32,102.30,94.35,94.74,88.40,94.81,86.93,110.36
109.06,101.86,103.05,102.89,95.52,100.63,91.92,126.21,92.87,89.71,104.78,106.10,92.89,86.73,103.98,100.73,109.87,98.11,107.35,87.41,95.41,100.47,89.79,95.55,98.37,105.41,86.61,111.29,90.28,101.98
109.06,101.86,103.05,102.89,101.27,98.67,88.38,106.54,100.31,106.67,102.99,91.59,87.61,100.84,119.20,113.26,118.15,101.09,95.64,96.37,90.92,97.85,112.38,107.34,95.07,101.49,100.69,92.57,102.28,112.60
109.06,101.86,103.05,102.89,110.73,92.75,103.20,97.23,89.64,98.34,94.79,85.38,92.27,89.60,99.43,103.86,96.92,90.98,87.51,104.65,98.97,114.44,106.11,92.67,101.81,85.61,99.70,99.86,98.45,91.73
109.06,101.86,103.05,102.89,104.78,105.27,115.51,100.97,103.78,101.62,96.17,103.10,95.54,108.63,107.38,107.61,98.96,105.55,95.60,81.01,104.68,98.20,94.56,96.66,92.29,83.70,94.79,98.98,115.92,96.49
109.06,101.86,103.05,102.89,101.16,81.49,98.94,115.29,111.79,117.66,100.05,98.57,86.69,101.96,108.65,115.47,101.29,108.03,87.96,87.71,106.04,119.13,103.52,94.49,112.85,106.60,100.47,101.89,96.57,93.30
109.06,101.86,103.05,102.89,103.14,110.75,93.44,97.57,77.70,120.39,90.59,101.13,114.24,98.42,95.07,108.80,99.77,111.60,96.70,96.43,100.26,97.01,68.36,107.66,109.53,79.93,100.22,97.53,111.10,115.35
109.06,101.86,103.05,102.89,105.62,88.81,97.75,98.01,73.98,87.56,96.81,105.32,103.41,99.41,104.08,103.56,85.20,106.83,88.26,94.11,111.38,110.10,110.46,112.51,86.12,109.50,100.62,97.02,98.88,94.93
109.06,101.86,103.05,102.89,108.29,97.37,102.19,97.78,89.47,88.82,108.40,101.90,93.66,99.07,107.51,89.67,103.67,83.09,135.02,108.67,108.07,102.20,80.05,91.51,97.71,90.89,103.90,103.28,113.16,103.77
109.06,101.86,103.05,102.89,92.76,95.75,107.58,103.73,104.11,113.05,90.97,99.63,102.75,95.47,108.24,87.43,92.24,105.09,103.96,92.02,92.13,114.60,110.05,91.81,95.49,86.11,91.22,77.86,92.03,93.63
109.06,101.86,103.05,102.89,110.10,117.88,92.30,106.65,90.89,96.99,95.04,100.08,103.33,110.21,110.06,107.94,95.79,113.77,104.49,93.75,117.63,101.14,102.03,100.56,110.19,95.12,98.05,93.82,94.35,100.11
109.06,101.86,103.05,102.89,85.20,104.72,95.80,107.99,98.00,90.83,93.18,111.14,97.35,126.20,109.03,111.46,93.69,116.61,102.30,74.89,83.96,107.00,97.32,107.92,106.84,98.39,119.61,107.68,98.26,96.65
109.06,101.86,103.05,102.89,102.21,94.17,86.55,73.43,102.29,99.04,95.43,101.28,105.54,109.99,91.74,85.58,98.40,113.11,102.98,93.90,98.73,111.30,103.72,75.99,93.02,106.39,105.56,90.94,98.05,109.66
109.06,101.86,103.05,102.89,92.06,109.24,97.43,106.39,111.12,108.56,97.76,123.25,103.97,115.66,107.22,102.60,77.06,94.02,95.53,94.39,113.43,96.71,102.61,83.17,91.55,94.82,101.76,93.08,105.70,78.27
109.06,101.86,103.05,102.89,102.75,121.70,84.00,98.15,127.86,104.12,121.09,99.14,102.37,100.96,99.68,96.94,122.20,98.23,91.51,85.89,99.45,79.51,96.68,106.04,89.49,93.98,90.52,112.53,105.05,100.63
109.06,101.86,103.05,102.89,80.38,104.67,80.12,82.57,98.73,92.38,94.20,111.40,99.50,98.79,103.48,103.72,98.31,99.29,100.10,103.31,96.09,90.93,95.61,88.67,85.47,94.54,112.82,96.31,107.95,90.27
109.06,101.86,103.05,102.89,88.89,120.93,92.67,116.21,101.40,108.15,96.34,99.03,107.67,105.07,104.67,107.18,98.60,112.64,108.76,102.00,122.82,110.08,107.34,97.55,103.56,78.02,79.57,92.47,111.68,111.28
109.06,101.86,103.05,102.89,92.31,101.04,109.40,87.89,93.50,96.24,92.17,106.33,95.15,104.30,117.22,104.00,108.07,102.13,117.23,91.01,95.83,103.25,89.20,79.55,99.36,91.15,102.25,95.64,98.54,108.74
109.06,101.86,103.05,102.89,96.44,98.62,74.18,95.42,86.25,98.13,100.46,103.52,98.70,95.32,86.27,112.06,97.05,101.87,96.96,94.71,95.87,96.69,97.38,104.12,119.12,100.56,113.71,110.58,115.57,94.95
109.06,101.86,103.05,102.89,99.07,115.78,103.38,102.32,85.21,103.78,80.14,90.37,89.58,106.31,95.21,104.30,93.60,112.80,118.43,132.96,99.27,89.59,95.22,107.91,102.81,102.26,107.76,91.36,96.32,102.68
109.06,101.86,103.05,102.89,103.73,93.06,79.97,95.27,109.05,86.67,94.24,100.47,89.27,89.13,86.02,96.12,107.27,89.55,106.26,97.74,103.59,84.33,100.74,94.27,104.80,99.27,109.89,95.35,95.21,98.11
109.06,101.86,103.05,102.89,88.63,93.92,95.65,101.29,111.81,99.17,90.66,93.10,93.15,99.37,100.43,104.88,97.66,106.05,92.23,103.83,82.41,117.32,96.73,88.09,108.36,87.68,100.73,97.97,110.64,101.08
109.06,101.86,103.05,102.89,83.36,118.31,99.72,104.14,93.44,117.94,106.12,98.62,112.92,122.34,91.13,99.74,109.43,101.74,104.77,108.01,91.30,90.17,110.12,92.64,79.22,98.14,114.39,95.35,102.51,113.04
109.06,101.86,103.05,102.89,99.63,106.05,109.27,100.17,106.75,94.53,101.30,108.24,97.29,109.40,96.58,99.83,96.38,110.52,116.78,92.02,84.99,125.51,113.72,110.93,113.26,106.28,94.82,91.38,101.61,103.02
109.06,101.86,103.05,102.89,109.93,108.12,92.39,91.07,111.18,119.48,98.65,83.85,91.96,95.61,115.54,95.96,91.07,96.06,90.15,106.28,90.03,94.75,97.20,92.83,99.90,97.57,96.13,111.50,93.16,93.38
109.06,101.86,103.05,102.89,103.57,117.62,110.40,108.07,97.21,95.27,101.27,96.43,85.98,95.20,89.60,94.73,102.00,105.00,108.33,124.92,94.85,97.47,88.44,85.62,99.33,108.98,103.74,88.13,113.57,99.93
109.06,101.86,103.05,102.89,106.58,108.32,85.32,96.42,98.41,110.30,99.33,121.64,112.92,110.82,100.70,103.14,94.67,108.00,97.23,92.75,102.25,100.09,84.58,88.34,120.33,91.36,108.74,98.76,105.68,114.77
109.06,101.86,103.05,102.89,99.02,82.75,105.36,92.05,90.00,101.02,98.30,89.18,103.53,106.47,102.41,99.63,88.87,112.68,94.54,88.68,103.94,104.47,105.10,107.25,106.88,102.54,97.82,90.60,109.51,96.57
109.06,101.86,103.05,102.89,87.35,74.62,81.05,115.14,75.48,90.95,121.15,101.69,95.58,85.39,101.41,105.81,113.68,106.11,98.07,86.14,105.74,100.72,83.78,105.84,115.37,102.21,115.49,108.73,99.71,102.50
109.06,101.86,103.05,102.89,96.72,110.47,103.82,123.51,91.59,96.07,90.15,92.28,83.62,123.11,95.27,100.02,89.72,106.77,94.55,85.91,108.25,81.66,96.39,104.58,101.80,105.75,106.01,87.59,99.23,100.03
109.06,101.86,103.05,102.89,87.78,85.74,121.39,103.27,111.00,99.20,94.75,92.65,95.80,98.32,89.02,107.05,94.09,105.01,112.80,86.00,88.90,90.75,102.32,95.94,93.04,86.71,102.30,113.61,99.32,107.53
109.06,101.86,103.05,102.89,117.19,92.45,105.34,100.02,100.39,93.72,101.88,104.14,98.07,103.64,91.37,82.51,121.96,106.87,89.53,102.95,110.16,95.25,94.53,88.72,112.59,107.06,103.13,93.46,90.95,121.46
109.06,101.86,103.05,102.89,109.74,84.03,106.80,89.73,95.73,120.27,115.91,102.11,98.15,103.28,110.90,107.10,110.94,122.68,86.39,110.77,96.67,84.64,95.58,121.00,107.63,112.34,92.60,105.62,84.90,116.93
109.06,101.86,103.05,102.89,114.41,94.16,84.15,106.84,105.91,103.50,95.27,108.76,105.69,98.97,117.96,88.68,104.51,93.81,84.72,100.54,103.37,85.75,88.54,107.97,119.42,98.49,86.36,112.31,97.75,103.26
109.06,101.86,103.05,102.89,94.58,99.84,101.17,98.71,114.19,81.05,86.63,101.09,111.27,98.27,94.48,102.75,85.95,96.02,94.95,90.30,94.20,109.44,109.32,92.05,115.85,97.19,70.77,102.98,98.41,110.09
109.06,101.86,103.05,102.89,99.62,113.11,100.69,102.41,104.35,79.17,96.41,89.83,111.06,109.88,112.67,105.44,86.57,92.03,115.93,98.60,115.97,98.11,96.93,90.64,112.89,110.37,97.27,126.08,96.23,101.68
109.06,101.86,103.05,102.89,102.57,83.76,99.02,105.24,113.01,85.85,93.78,99.08,108.31,96.20,101.88,82.03,98.42,106.38,77.90,105.62,111.03,96.06,88.84,92.25,91.83,112.85,102.04,115.16,91.91,100.76
109.06,101.86,103.05,102.89,109.26,104.36,97.57,121.25,88.17,101.49,82.42,97.66,103.04,110.57,101.76,93.80,106.22,102.41,94.93,86.65,104.24,95.73,89.67,96.51,105.95,99.93,90.01,89.53,90.84,99.37
109.06,101.86,103.05,102.89,102.04,100.05,105.65,97.42,112.61,96.58,111.37,104.18,100.87,102.41,95.33,106.33,82.14,99.48,96.15,111.00,130.45,124.42,99.47,101.00,106.38,113.01,107.38,119.32,99.53,81.70
109.06,101.86,103.05,102.89,102.39,94.09,104.33,93.39,103.88,106.54,99.12,93.48,88.20,92.18,91.79,107.56,92.55,118.32,107.31,97.21,108.73,95.73,91.76,101.74,101.39,105.96,90.85,106.60,105.55,100.59
109.06,101.86,103.05,102.89,84.75,102.97,96.10,116.62,96.97,91.44,102.84,107.53,97.31,100.05,105.21,81.94,111.97,100.17,107.00,102.55,100.61,106.01,98.09,121.72,118.33,100.01,110.28,94.56,95.04,102.83
109.06,101.86,103.05,102.89,77.93,119.18,103.29,115.72,114.72,94.55,92.70,97.42,92.10,86.46,116.77,106.11,92.34,91.49,97.63,102.74,100.33,96.62,114.34,70.82,101.40,110.16,100.72,105.27,108.30,96.63
109.06,101.86,103.05,102.89,113.16,107.21,98.21,112.76,105.40,99.05,91.02,97.35,103.14,118.73,112.50,93.48,95.49,123.58,106.46,110.03,95.37,100.34,99.21,115.39,95.80,100.78,98.50,101.21,107.96,94.50
109.06,101.86,103.05,102.89,102.85,115.04,104.90,103.73,98.18,104.36,133.02,103.08,109.45,99.27,109.63,100.27,83.22,76.21,101.22,103.06,88.16,99.25,113.40,101.23,99.81,115.51,76.05,92.90,92.08,97.42
109.06,101.86,103.05,102.89,103.75,109.64,99.61,100.61,86.95,100.88,119.37,119.65,82.79,117.75,94.09,97.77,111.28,94.55,111.58,86.19,95.71,104.36,108.77,105.88,98.61,97.11,118.39,118.95,100.08,106.80
109.06,101.86,103.05,102.89,99.14,109.00,104.57,111.88,95.30,100.49,114.77,101.73,106.18,96.17,112.22,120.74,92.43,113.69,114.27,91.65,95.14,100.70,97.57,85.11,85.97,96.38,102.85,102.02,98.98,92.47
109.06,101.86,103.05,102.89,91.65,103.91,89.00,105.65,97.84,105.14,113.73,83.69,98.59,97.49,100.93,130.54,84.81,102.22,103.92,93.03,100.32,99.45,107.19,100.45,96.15,125.45,98.55,82.16,87.49,102.64
109.06,101.86,103.05,102.89,96.79,108.62,97.67,91.29,104.46,100.20,97.39,112.36,97.83,93.61,103.57,104.56,80.37,94.84,114.88,90.96,104.91,90.90,109.48,108.18,100.91,103.47,90.75,101.61,92.35,81.43
109.06,101.86,103.05,102.89,108.93,88.74,94.75,95.91,88.07,90.63,104.27,77.66,98.07,104.64,101.64,107.15,110.34,93.81,101.79,116.78,97.61,93.21,92.70,78.57,84.61,109.80,104.52,110.23,92.60,109.49
109.06,101.86,103.05,102.89,107.40,100.93,114.89,93.83,88.47,105.47,93.16,97.38,110.54,94.41,98.45,84.35,97.98,100.54,99.30,108.15,100.73,104.18,88.18,103.07,90.38,85.21,89.32,104.19,97.78,97.21
109.06,101.86,103.05,102.89,85.52,96.17,92.63,105.16,91.58,92.02,97.91,86.64,95.86,93.95,100.23,94.75,91.87,89.55,83.74,106.15,89.20,108.01,104.63,124.30,106.41,100.72,101.89,103.47,91.76,90.44
109.06,101.86,103.05,102.89,91.55,93.80,102.95,103.63,89.99,100.32,98.65,112.25,105.24,99.79,105.27,104.68,107.14,111.71,108.43,113.96,94.34,78.62,95.86,120.00,90.77,102.77,97.70,94.59,111.65,91.83
109.06,101.86,103.05,102.89,101.33,110.81,104.79,99.69,84.74,102.70,101.54,105.57,96.48,95.86,84.06,110.47,99.44,84.29,80.36,100.09,97.51,116.53,107.96,93.16,94.21,101.44,84.17,92.24,113.80,101.57
109.06,101.86,103.05,102.89,93.70,103.56,102.52,108.31,87.38,121.82,93.00,99.59,87.62,113.68,113.20,99.08,120.13,103.15,110.17,96.21,94.70,104.71,117.34,104.23,95.87,98.65,104.79,96.76,91.60,98.14
109.06,101.86,103.05,102.89,98.50,108.28,117.15,97.49,93.11,98.01,93.36,99.45,94.84,99.58,107.82,115.15,104.81,104.53,99.39,90.90,94.87,119.35,90.00,83.25,100.92,90.47,116.72,100.22,89.53,97.79
109.06,101.86,103.05,102.89,104.45,92.36,91.45,94.45,96.22,100.05,104.87,101.26,103.97,99.79,103.06,109.45,88.23,108.27,96.33,111.40,98.85,102.49,95.62,111.56,96.10,91.60,114.13,82.18,102.09,84.39
109.06,101.86,103.05,102.89,123.64,87.41,87.64,116.42,88.98,103.59,93.80,106.58,87.32,114.93,97.39,104.34,97.70,99.37,98.39,112.52,88.46,106.96,105.48,91.47,102.80,84.93,102.13,116.73,124.83,94.43
109.06,101.86,103.05,102.89,98.08,94.98,97.90,91.18,118.88,119.89,87.23,91.20,93.75,96.43,118.43,95.53,104.10,117.63,102.92,103.62,88.51,76.93,118.16,115.39,96.46,93.94,104.45,99.54,98.43,112.23
109.06,101.86,103.05,102.89,117.27,110.02,99.59,95.67,102.66,91.77,91.80,98.85,98.57,118.66,106.33,89.25,107.31,102.95,113.14,103.53,107.34,85.67,103.07,92.88,86.17,115.79,90.49,82.12,99.99,103.83
109.06,101.86,103.05,102.89,75.57,106.80,101.70,112.15,105.33,82.76,95.90,109.15,109.94,94.75,98.90,88.89,101.28,117.64,96.88,98.13,94.78,118.44,89.29,108.88,103.15,110.41,95.13,107.06,106.37,90.67
109.06,101.86,103.05,102.89,113.13,100.73,107.34,114.78,103.03,115.80,104.32,103.92,95.30,97.28,94.03,105.55,102.18,99.25,105.46,99.08,104.49,103.75,102.00,87.77,80.16,105.77,110.22,98.70,99.72,118.55
109.06,101.86,103.05,102.89,100.12,103.97,102.21,118.69,124.51,85.33,106.15,111.67,99.88,91.79,103.38,105.94,101.13,109.10,100.98,96.70,96.51,96.72,99.49,87.09,83.39,107.53,94.73,104.34,103.63,115.60
109.06,101.86,103.05,102.89,92.96,98.86,91.27,123.98,107.85,94.20,92.43,105.70,103.66,89.42,83.58,96.44,90.48,102.42,104.38,90.80,104.17,102.08,98.93,84.27,103.97,88.50,104.54,117.01,90.68,92.53
109.06,101.86,103.05,102.89,116.52,103.92,87.97,118.84,98.02,101.34,108.18,106.62,103.00,95.53,105.42,86.82,97.93,98.98,87.09,91.69,103.19,119.81,115.83,110.15,102.80,86.16,112.48,99.67,125.20,79.08
109.06,101.86,103.05,102.89,102.35,107.89,99.97,114.71,113.44,98.54,106.63,100.97,77.83,112.12,87.65,110.18,97.62,100.43,94.45,102.59,81.94,84.21,103.26,94.84,105.00,111.91,93.22,82.74,101.39,110.15
109.06,101.86,103.05,102.89,110.30,86.73,87.92,102.78,103.46,108.85,82.40,82.88,89.12,89.43,109.49,84.68,95.34,108.98,102.09,72.50,99.46,93.89,110.13,98.12,102.18,110.41,106.74,110.97,97.89,106.45
109.06,101.86,103.05,102.89,123.02,98.21,102.30,106.96,103.97,100.81,107.43,89.92,94.83,95.30,93.64,102.46,93.47,128.21,112.91,106.87,83.45,97.21,79.14,87.87,94.27,105.06,100.50,98.34,94.06,113.88
109.06,101.86,103.05,102.89,95.36,105.17,115.38,115.66,88.67,112.05,93.18,94.98,100.25,107.54,98.96,113.88,102.43,105.90,103.65,101.47,95.73,98.35,101.57,96.48,114.09,102.85,105.58,93.46,101.42,90.63
109.06,101.86,103.05,102.89,82.79,101.81,103.18,107.58,105.91,105.06,95.33,98.08,92.15,96.96,94.18,97.26,111.30,119.06,95.86,87.96,103.09,86.58,109.92,79.85,108.94,92.35,112.63,102.43,117.47,94.01
109.06,101.86,103.05,102.89,90.47,94.27,106.05,107.71,100.31,99.57,97.53,98.11,98.11,113.29,126.36,97.67,97.21,88.92,88.79,105.74,104.57,97.86,87.16,107.06,93.84,101.11,109.55,89.33,103.08,86.21
109.06,101.86,103.05,102.89,94.19,98.94,86.05,96.49,102.78,105.69,124.54,82.81,95.00,105.25,109.31,102.93,116.21,105.28,111.74,100.91,114.73,103.11,114.59,120.36,104.47,100.28,111.18,86.13,124.83,102.59
109.06,101.86,103.05,102.89,96.18,80.02,108.07,101.83,83.43,97.59,96.68,122.28,95.10,99.59,103.71,83.84,106.15,94.29,97.67,99.45,106.58,106.37,101.75,97.94,97.61,114.54,99.07,75.90,78.30,85.73
109.06,101.86,103.05,102.89,100.62,117.07,111.97,106.23,105.34,105.32,94.91,92.98,118.95,107.41,96.85,107.69,98.09,95.63,98.37,105.71,90.80,104.66,98.57,92.40,94.41,114.42,91.83,104.13,122.37,91.99
109.06,101.86,103.05,102.89,99.52,99.19,100.42,95.12,110.71,102.75,106.64,97.46,110.81,112.56,101.16,85.75,106.14,92.99,109.45,105.21,106.32,98.50,112.77,104.50,83.82,77.74,121.96,111.64,104.76,88.90
109.06,101.86,103.05,102.89,114.88,84.96,96.02,99.68,76.17,111.95,95.39,90.33,125.89,98.99,99.02,111.43,91.68,90.80,102.01,107.37,92.14,100.33,86.57,96.91,96.54,94.56,91.67,89.76,113.39,90.75
109.06,101.86,103.05,102.89,95.04,83.31,96.01,87.71,100.29,97.25,108.29,92.30,103.12,100.95,106.91,112.19,97.99,98.54,101.12,100.16,109.85,94.40,90.52,97.62,107.47,115.65,90.84,117.13,86.13,112.07
109.06,101.86,103.05,102.89,100.24,98.36,100.85,106.27,99.99,86.88,105.19,109.75,117.60,91.31,94.21,95.64,104.83,88.20,104.74,95.81,106.07,97.71,94.31,94.20,106.11,95.96,87.68,111.36,108.22,100.30
109.06,101.86,103.05,102.89,98.90,98.65,76.87,101.85,96.06,93.63,85.38,105.38,84.86,111.12,95.23,91.72,90.60,108.03,98.86,106.84,103.70,114.56,93.19,108.60,91.58,77.07,111.82,99.25,103.88,117.73
109.06,101.86,103.05,102.89,116.73,97.82,95.79,96.29,126.31,95.97,112.77,99.86,96.75,100.46,93.09,83.05,99.62,102.18,92.78,93.38,97.04,116.60,121.44,90.51,101.20,84.85,99.31,80.59,116.18,110.27
109.06,101.86,103.05,102.89,84.49,104.02,105.94,81.93,87.37,94.41,101.07,94.99,84.10,105.58,97.98,99.22,81.38,105.03,118.28,121.51,99.07,103.59,96.26,82.44,78.38,85.70,100.14,100.85,81.90,110.95
109.06,101.86,103.05,102.89,120.41,83.38,102.89,102.41,99.95,81.89,107.83,102.53,91.23,82.09,110.45,112.49,104.45,92.67,85.35,108.78,114.74,109.45,95.93,104.98,117.46,101.44,89.85,84.65,105.96,96.71
109.06,101.86,103.05,102.89,93.27,79.88,116.85,113.43,96.39,101.23,71.92,92.55,107.74,118.65,95.63,93.60,89.60,119.20,114.84,99.26,119.10,102.29,105.04,101.18,104.86,110.74,100.05,109.12,82.33,81.78
109.06,101.86,103.05,102.89,108.62,93.51,113.25,108.54,99.17,101.99,101.97,104.18,97.74,120.41,118.97,129.77,105.32,91.10,95.53,102.84,112.95,94.33,111.64,102.06,79.42,117.69,97.67,79.14,106.19,102.50
109.06,101.86,103.05,102.89,92.51,101.58,96.16,91.79,95.15,102.24,96.99,93.82,101.32,93.82,116.98,95.20,102.57,107.88,98.23,97.61,104.36,94.81,96.32,104.68,101.87,98.15,97.87,109.94,92.94,65.57
109.06,101.86,103.05,102.89,96.96,95.75,93.94,91.68,93.77,101.58,114.81,89.60,93.83,107.81,87.79,94.43,97.60,86.67,96.51,108.88,116.64,112.00,110.36,105.66,112.53,88.75,104.99,85.08,98.10,103.94
109.06,101.86,103.05,102.89,101.51,104.64,87.81,87.74,98.35,100.15,91.98,102.33,89.04,98.82,93.09,108.05,95.49,75.56,101.20,87.73,93.98,94.89,109.80,110.47,99.37,88.71,108.94,99.11,103.18,97.60
109.06,101.86,103.05,102.89,89.70,91.81,83.65,104.31,112.16,94.35,98.72,102.64,94.47,87.93,93.04,96.97,103.23,90.27,110.37,104.12,81.49,94.30,93.87,99.62,101.69,104.67,107.08,84.53,87.40,113.38
109.06,101.86,103.05,102.89,117.96,97.61,97.28,103.67,95.07,101.14,113.15,78.76,106.06,93.41,96.85,94.43,103.43,101.34,106.61,99.58,106.71,102.52,119.54,91.04,77.39,103.95,101.25,103.96,94.98,97.35
109.06,101.86,103.05,102.89,108.54,87.93,92.15,94.13,73.55,101.31,97.17,124.64,96.41,107.92,86.84,97.80,93.84,97.24,95.39,114.37,96.56,107.76,106.86,105.65,108.29,111.49,107.11,89.11,92.15,85.76
109.06,101.86,103.05,102.89,118.44,90.03,113.87,100.78,105.39,86.38,108.28,107.54,101.03,105.86,103.24,104.86,83.42,87.53,101.98,95.32,108.08,92.76,112.85,100.99,99.22,84.57,104.80,102.61,89.37,94.25
109.06,101.86,103.05,102.89,89.49,91.91,105.09,125.08,95.62,113.81,116.93,102.31,96.28,101.28,82.61,91.59,108.86,111.60,114.05,108.87,108.73,87.25,109.75,109.34,119.80,91.74,98.09,100.91,108.25,105.03
109.06,101.86,103.05,102.89,98.66,92.05,88.72,104.39,86.96,88.74,100.63,107.47,105.52,104.83,95.33,106.03,99.95,115.23,111.77,73.54,105.67,77.27,100.11,90.66,103.68,101.02,105.64,112.28,98.09,92.75
109.06,101.86,103.05,102.89,98.06,102.86,100.05,104.99,83.23,109.55,94.42,88.52,92.56,105.75,109.98,102.01,104.60,101.29,85.35,95.27,104.97,89.58,111.21,93.65,117.08,105.35,93.74,97.63,107.57,103.87
109.06,101.86,103.05,102.89,89.79,113.82,99.48,94.88,114.00,95.11,80.31,102.82,88.66,91.54,106.97,87.21,102.11,99.58,105.93,106.53,128.43,88.66,80.48,86.71,104.53,91.42,100.32,106.74,92.22,100.27
109.06,101.86,103.05,102.89,113.17,87.43,73.15,97.76,97.81,100.14,88.20,100.70,102.78,97.48,87.54,98.23,96.41,94.72,109.81,116.92,102.42,108.19,92.05,104.21,112.97,107.78,86.75,104.24,117.11,98.06
109.06,101.86,103.05,102.89,103.69,102.77,79.60,107.82,103.75,103.67,98.98,108.02,94.90,82.09,87.17,98.66,100.58,96.49,125.22,93.20,90.66,92.41,89.59,93.67,95.98,114.55,103.84,107.72,94.49,102.58
109.06,101.86,103.05,102.89,107.49,116.70,100.82,89.15,123.30,92.60,97.92,97.03,87.25,102.77,101.31,81.83,98.96,103.90,111.50,107.63,93.48,97.29,109.54,110.99,93.62,91.44,91.20,115.60,92.44,105.29
109.06,101.86,103.05,102.89,118.49,106.32,91.80,102.39,84.12,87.30,100.90,96.45,101.52,92.84,91.96,101.99,116.56,102.55,105.33,110.82,98.57,84.76,103.18,86.47,90.86,99.79,96.72,104.47,109.84,109.46
109.06,101.86,103.05,102.89,85.25,95.24,88.44,102.90,104.61,90.16,94.81,103.74,103.30,105.24,99.31,86.52,102.24,98.70,84.85,124.99,92.30,103.07,118.65,87.96,125.76,84.92,106.01,100.92,103.19,110.94
109.06,101.86,103.05,102.89,112.26,99.25,94.96,97.17,127.87,107.43,105.48,107.59,112.90,117.59,88.50,99.11,111.64,107.25,83.09,109.89,98.52,98.72,103.19,99.75,102.58,89.73,110.89,108.56,99.14,87.59
109.06,101.86,103.05,102.89,94.96,101.80,110.02,115.61,98.75,90.52,101.22,107.33,75.58,103.82,102.06,91.99,101.42,102.27,95.45,84.22,95.63,116.30,108.14,79.38,95.09,109.21,111.19,83.69,101.13,99.66
109.06,101.86,103.05,102.89,102.04,89.73,91.06,111.31,97.81,89.64,110.58,88.59,99.17,91.59,113.98,100.77,94.12,100.46,97.16,93.23,112.00,105.63,103.99,115.76,104.30,103.36,103.62,89.28,111.72,91.53
109.06,101.86,103.05,102.89,115.98,115.27,87.35,100.47,103.30,93.56,87.78,110.64,102.25,101.95,97.62,95.94,109.34,108.93,93.87,81.65,91.70,99.28,93.01,95.75,106.92,107.38,112.65,105.73,104.07,78.56
109.06,101.86,103.05,102.89,108.52,86.43,111.74,94.45,81.92,89.72,123.04,96.55,90.96,109.11,111.58,93.17,111.21,98.03,98.41,79.38,131.36,94.72,97.06,87.02,97.35,82.17,115.05,100.38,89.47,91.73
109.06,101.86,103.05,102.89,126.93,97.11,72.55,88.00,108.21,86.62,107.80,102.61,84.85,86.63,100.66,99.32,72.13,99.66,86.62,117.55,109.52,129.74,103.12,107.09,103.77,86.85,102.20,92.97,94.74,104.18
109.06,101.86,103.05,102.89,112.98,93.88,109.49,102.67,99.59,108.60,92.40,102.22,94.29,111.60,109.71,96.90,109.66,87.06,115.48,99.21,111.46,100.91,92.17,82.47,96.34,97.28,98.02,104.68,94.76,100.83
109.06,101.86,103.05,102.89,85.61,101.67,84.55,99.25,105.21,83.59,109.40,106.91,93.20,113.10,105.48,95.90,86.13,72.43,110.63,121.28,90.13,103.10,90.25,90.34,111.34,119.87,105.28,98.70,82.55,92.99
109.06,101.86,103.05,102.89,86.90,108.62,104.23,106.97,93.67,93.16,111.50,95.36,107.31,108.63,99.97,110.31,107.93,106.53,93.59,103.03,98.57,102.18,98.63,110.67,104.89,104.24,103.40,81.52,89.21,84.52
109.06,101.86,103.05,102.89,96.37,92.57,106.61,103.17,87.22,98.84,110.65,102.44,87.93,96.83,91.46,87.65,88.47,104.23,100.87,93.31,106.01,110.08,92.08,103.56,96.94,104.12,100.62,94.30,105.73,113.30
109.06,101.86,103.05,102.89,115.74,94.04,110.11,93.88,96.05,111.71,97.21,112.89,119.55,106.24,102.66,117.34,100.48,108.84,88.16,96.40,106.13,89.59,71.63,103.92,108.16,102.92,100.49,123.86,97.02,93.20
109.06,101.86,103.05,102.89,93.79,108.04,109.39,118.23,94.05,115.10,89.48,92.21,102.69,100.41,119.54,94.98,94.92,115.17,106.80,105.16,89.42,87.24,103.25,98.56,104.88,93.48,97.25,108.32,104.72,102.41
109.06,101.86,103.05,102.89,106.70,95.52,116.25,83.88,89.03,101.21,87.91,97.71,102.38,81.92,109.62,102.99,114.06,97.81,90.22,105.36,73.13,98.51,109.67,103.82,109.07,91.14,100.15,112.22,108.78,111.50
109.06,101.86,103.05,102.89,97.82,93.27,86.58,84.69,92.77,106.04,87.95,99.66,114.67,101.87,100.33,85.93,105.98,97.21,101.39,108.14,98.40,100.11,113.04,98.14,92.19,102.25,100.79,113.36,112.03,76.71
109.06,101.86,103.05,102.89,91.27,113.34,98.28,100.65,83.79,91.19,91.22,98.17,111.90,109.45,102.38,103.50,94.78,103.78,107.07,105.83,110.85,110.10,100.26,105.18,110.21,107.41,110.33,112.97,99.78,82.14
109.06,101.86,103.05,102.89,98.09,82.88,96.24,87.76,96.17,99.78,92.64,97.59,88.03,91.45,104.66,100.53,107.98,94.51,91.10,114.25,97.39,95.78,86.29,87.07,82.63,90.27,116.60,104.20,87.28,95.89
109.06,101.86,103.05,102.89,99.26,80.59,90.20,89.81,78.69,88.36,87.37,95.27,140.40,95.73,104.35,114.79,93.65,110.81,90.81,104.22,107.30,117.66,112.18,101.95,107.10,107.64,72.91,105.61,103.50,111.06
109.06,101.86,103.05,102.89,99.04,113.20,99.97,102.27,104.36,103.04,104.24,105.71,94.02,104.87,97.64,90.52,93.97,111.20,115.38,97.06,97.08,98.94,94.48,92.96,106.90,120.23,112.67,95.44,91.78,107.92
109.06,101.86,103.05,102.89,89.56,93.75,97.00,84.97,97.13,95.31,79.24,103.13,74.34,106.97,101.93,88.13,97.26,96.02,108.32,103.43,84.28,113.56,88.58,101.80,107.18,105.09,98.80,110.23,110.63,104.83
109.06,101.86,103.05,102.89,100.41,92.90,126.81,105.46,91.23,95.87,94.15,101.37,95.38,74.04,115.31,96.07,98.71,103.46,102.26,96.11,86.02,94.60,84.17,101.85,94.62,92.53,91.03,105.11,100.97,97.01
109.06,101.86,103.05,102.89,84.62,108.02,96.43,95.57,98.82,97.96,94.30,95.08,89.78,107.84,93.95,99.54,78.62,102.68,101.59,101.58,106.93,85.46,101.68,105.32,86.51,93.96,106.56,87.70,97.07,106.74
109.06,101.86,103.05,102.89,104.06,105.33,118.69,89.21,94.98,104.21,120.07,92.84,116.78,106.61,74.16,109.91,98.01,111.81,88.24,111.21,99.67,106.77,106.00,93.60,102.55,99.75,79.03,109.50,100.29,94.39
109.06,101.86,103.05,102.89,94.32,105.13,89.15,123.08,78.84,95.15,99.98,79.57,111.02,85.23,94.22,87.29,98.03,100.94,110.41,107.98,117.52,86.81,112.96,101.50,103.09,101.13,112.58,91.32,103.14,109.44
109.06,101.86,103.05,102.89,93.30,100.16,103.54,107.30,91.08,99.43,94.60,102.20,90.65,96.07,106.76,116.27,104.13,101.58,118.39,77.51,105.12,88.36,100.17,118.48,93.97,123.18,121.80,107.69,108.99,95.30
109.06,101.86,103.05,102.89,83.13,93.71,106.74,104.79,108.85,90.84,105.25,80.17,90.38,123.53,102.48,97.67,86.22,90.79,113.81,81.45,95.68,86.92,93.79,89.08,106.79,95.17,82.60,97.17,118.31,84.06
109.06,101.86,103.05,102.89,82.56,100.24,91.26,90.91,113.43,96.30,81.15,93.62,108.36,101.20,91.72,101.92,107.71,105.33,94.94,104.77,104.84,102.31,105.72,98.30,103.98,100.38,85.25,105.29,108.34,89.72
109.06,101.86,103.05,102.89,95.89,113.32,96.95,92.37,102.54,118.02,87.55,103.87,99.53,91.90,97.93,104.19,99.43,80.90,86.09,89.63,103.91,90.83,85.71,89.38,102.46,92.08,96.96,75.02,104.55,103.60
109.06,101.86,103.05,102.89,83.29,103.80,92.69,90.16,102.26,88.30,97.98,86.63,89.60,114.94,113.56,88.23,87.15,101.99,88.50,81.42,96.90,101.57,95.10,106.16,93.40,93.46,103.54,105.22,101.91,107.27
109.06,101.86,103.05,102.89,104.01,106.15,104.04,94.65,110.53,93.56,100.84,110.66,98.96,99.64,113.88,101.96,96.46,88.21,96.77,107.25,98.88,94.59,89.78,99.16,102.57,90.20,106.27,108.62,87.10,116.30
109.06,101.86,103.05,102.89,96.93,92.04,106.66,106.93,102.23,100.40,102.69,94.93,104.50,93.91,131.16,75.95,103.46,86.64,91.74,91.04,110.38,109.68,104.45,120.17,111.61,105.74,101.35,115.40,95.81,113.72
109.06,101.86,103.05,102.89,110.52,102.20,97.20,94.42,100.62,94.56,91.73,96.80,109.68,95.85,105.37,101.93,100.24,83.80,77.52,91.40,94.32,82.47,105.05,115.37,113.93,95.67,102.49,111.82,91.49,77.42
109.06,101.86,103.05,102.89,103.30,110.64,89.34,97.48,100.42,102.58,113.51,99.14,78.74,78.29,93.93,106.55,103.72,110.66,111.16,82.65,92.92,90.06,91.36,104.21,100.53,120.74,84.07,105.68,98.14,104.46
109.06,101.86,103.05,102.89,118.46,98.38,89.47,116.29,84.78,100.26,91.02,110.00,102.61,103.61,95.78,91.18,98.49,105.38,86.03,97.61,109.25,122.39,97.47,88.43,110.51,115.36,91.55,103.32,104.18,104.06
109.06,101.86,103.05,102.89,105.34,94.21,98.38,93.38,136.57,108.95,96.20,92.82,99.96,96.18,89.68,88.68,101.28,115.34,72.12,95.03,106.75,109.99,97.32,110.52,96.06,92.94,89.20,94.27,99.30,98.68
109.06,101.86,103.05,102.89,101.00,115.12,113.01,87.68,112.33,92.81,106.48,87.89,87.53,99.91,111.53,104.82,98.93,109.32,110.50,98.95,85.48,99.50,105.74,94.83,105.93,101.74,104.08,103.17,102.14,104.09
109.06,101.86,103.05,102.89,102.78,97.92,112.41,90.20,103.18,107.17,89.81,85.91,92.52,94.90,89.53,106.70,94.72,115.24,119.37,85.56,113.55,109.48,95.57,103.42,100.24,105.05,98.87,107.96,85.83,98.08
109.06,101.86,103.05,102.89,84.29,120.15,103.21,75.39,88.25,103.25,98.72,103.17,114.14,94.99,86.04,110.03,94.06,102.09,107.93,113.27,108.46,109.23,106.24,104.57,95.16,97.19,96.17,99.13,88.69,90.93
109.06,101.86,103.05,102.89,85.64,122.31,85.81,104.32,83.17,90.25,100.68,93.50,101.17,85.00,96.42,109.54,104.52,114.02,101.31,83.64,99.44,98.18,80.60,91.83,76.77,96.49,89.90,103.18,101.61,112.76
109.06,101.86,103.05,102.89,98.91,105.23,112.59,94.50,72.90,124.89,89.66,112.83,81.75,82.60,80.52,93.53,115.43,91.66,110.63,109.65,100.51,109.63,117.25,95.19,101.06,99.43,97.73,94.23,96.23,90.95
109.06,101.86,103.05,102.89,85.99,96.37,99.12,103.25,97.84,100.38,105.00,98.92,90.89,100.74,95.52,96.66,107.37,100.45,107.74,113.15,95.13,111.79,94.57,111.57,100.01,91.49,88.08,112.28,93.45,113.31
109.06,101.86,103.05,102.89,96.04,101.33,101.10,108.12,114.47,100.59,106.04,97.73,86.76,88.18,103.00,99.61,98.75,89.85,84.62,116.35,101.71,84.51,79.19,105.83,86.45,92.13,87.77,100.98,89.98,104.28
109.06,101.86,103.05,102.89,100.32,96.11,114.55,108.01,101.21,91.92,102.30,111.59,105.23,88.37,108.54,88.83,92.72,107.12,87.14,101.33,99.26,82.33,109.09,88.15,94.60,98.16,107.70,113.61,103.80,104.37
109.06,101.86,103.05,102.89,116.06,112.17,102.34,117.22,107.87,100.11,98.72,111.04,103.78,117.03,106.94,103.94,120.05,105.84,97.41,105.35,97.12,98.26,107.58,110.79,93.46,96.98,94.49,88.79,100.15,109.92
109.06,101.86,103.05,102.89,96.30,98.54,93.45,91.57,86.92,96.87,87.26,114.63,108.36,117.92,99.32,106.11,95.64,98.94,82.82,93.89,116.31,84.32,101.82,97.76,96.69,88.94,120.76,93.26,92.87,86.95
109.06,101.86,103.05,102.89,97.52,95.21,108.73,94.01,100.26,108.09,76.21,103.17,100.89,92.91,103.79,99.81,106.66,85.93,83.77,101.14,100.59,91.48,119.15,98.99,89.89,108.92,88.36,92.30,110.28,118.55
109.06,101.86,103.05,102.89,94.80,105.07,98.28,106.62,103.73,95.48,85.08,93.13,113.47,96.71,106.75,97.63,100.40,100.83,99.08,89.23,106.29,97.66,100.43,123.97,109.43,110.27,104.60,87.19,106.17,94.00
109.06,101.86,103.05,102.89,98.57,109.58,98.86,80.99,103.95,69.52,104.61,118.50,121.52,101.04,104.91,101.33,87.93,123.21,93.87,88.38,87.49,91.08,119.14,102.21,103.84,115.06,81.95,109.32,97.31,104.04
109.06,101.86,103.05,102.89,97.93,97.26,93.17,84.16,118.57,110.00,93.95,93.18,107.36,100.93,86.45,104.79,86.89,91.06,94.68,101.96,107.43,96.12,97.45,89.08,102.97,95.75,101.67,83.22,104.29,101.67
109.06,101.86,103.05,102.89,89.01,94.88,84.49,84.61,104.33,97.79,99.70,87.97,94.71,104.99,96.87,98.79,97.92,98.68,102.70,78.52,98.01,94.10,103.80,98.86,108.05,91.29,109.98,104.03,84.27,103.14
109.06,101.86,103.05,102.89,85.28,116.25,102.93,94.14,94.89,111.63,104.10,106.21,114.24,93.43,101.28,90.04,105.42,101.17,96.14,101.33,105.46,107.94,94.21,89.29,83.92,107.54,84.32,108.32,110.37,94.59
109.06,101.86,103.05,102.89,98.77,111.69,91.49,106.02,107.34,97.23,77.54,97.35,114.96,97.21,95.18,85.10,95.99,117.35,115.57,96.78,112.96,93.98,92.74,101.19,107.09,82.06,107.65,99.60,103.49,98.85
109.06,101.86,103.05,102.89,88.86,109.75,91.97,116.84,85.88,110.71,92.35,98.05,107.57,102.82,107.04,88.66,103.62,95.55,104.53,118.11,105.22,100.96,91.16,96.80,120.59,73.55,98.00,89.24,94.07,90.02
109.06,101.86,103.05,102.89,101.26,87.26,86.37,88.37,112.15,104.58,96.65,87.58,86.86,112.80,93.47,86.08,102.87,103.42,92.52,88.55,90.35,106.59,107.21,95.54,92.44,92.40,95.56,113.81,116.19,111.59
109.06,101.86,103.05,102.89,97.67,87.93,81.42,111.88,109.92,105.56,97.45,115.55,100.89,91.82,93.77,98.79,105.62,98.91,88.72,81.40,95.20,85.29,96.17,101.09,108.10,93.20,89.95,99.18,103.58,98.70
109.06,101.86,103.05,102.89,107.11,105.83,85.06,106.44,95.68,104.31,107.21,85.18,85.92,91.73,100.00,87.91,82.37,119.12,106.13,96.18,110.54,86.78,92.54,100.84,75.24,82.09,101.19,118.80,102.84,108.43
109.06,101.86,103.05,102.89,97.62,87.32,118.32,109.46,93.67,82.45,98.10,115.28,110.88,99.75,97.83,92.74,104.54,91.72,84.87,106.02,100.62,100.73,103.53,98.71,93.35,102.18,92.27,103.24,107.02,91.11
109.06,101.86,103.05,102.89,112.25,97.40,104.40,98.24,96.07,90.50,104.54,111.39,80.66,94.57,99.27,96.51,89.00,98.01,95.60,106.69,104.71,97.66,94.00,89.80,102.28,107.78,98.48,86.21,110.65,93.32
109.06,101.86,103.05,102.89,85.75,84.42,110.03,116.21,95.73,91.89,93.39,91.02,100.07,93.16,98.08,98.65,87.99,102.35,111.27,101.47,93.54,101.68,92.98,94.02,101.99,111.09,100.80,98.88,94.15,111.67
109.06,101.86,103.05,102.89,89.09,98.38,68.86,103.27,99.48,84.63,93.05,122.03,97.23,101.38,106.60,83.94,108.48,120.70,115.27,105.54,102.67,96.26,93.90,102.79,81.73,104.44,94.61,87.70,96.01,103.94
109.06,101.86,103.05,102.89,102.37,101.60,94.79,95.56,123.15,99.35,123.25,103.03,109.90,104.99,125.03,85.20,109.60,94.62,89.89,104.46,89.39,80.20,108.08,84.99,108.31,102.57,99.26,85.15,87.09,92.72
109.06,101.86,103.05,102.89,109.02,86.89,99.66,99.81,126.16,108.99,90.24,106.18,84.19,83.96,109.68,93.01,103.70,81.89,85.41,87.32,112.19,110.05,69.47,94.69,102.39,93.58,102.13,92.07,104.70,99.84
109.06,101.86,103.05,102.89,99.65,98.31,100.84,93.73,102.22,104.23,101.58,97.72,102.10,111.83,90.20,110.32,103.30,94.43,98.46,89.72,101.25,108.32,132.27,83.81,106.69,92.86,89.23,101.92,100.33,103.79
109.06,101.86,103.05,102.89,111.23,85.48,104.58,91.88,93.41,99.38,90.18,115.42,112.98,114.24,102.63,89.60,103.86,95.03,104.97,113.18,103.56,89.92,100.83,118.19,95.94,117.24,94.48,113.14,85.23,106.51
109.06,101.86,103.05,102.89,115.67,112.45,95.39,86.34,94.51,110.39,91.45,114.86,104.02,103.76,91.87,97.93,100.98,91.21,125.11,87.12,105.18,86.42,92.31,81.56,110.90,102.69,101.48,105.30,114.19,94.97
109.06,101.86,103.05,102.89,111.40,101.47,81.00,103.28,108.49,113.97,96.42,98.12,96.61,94.73,100.93,112.26,94.47,67.42,100.88,110.81,102.58,82.20,92.54,118.18,92.71,97.58,96.09,113.35,96.33,109.21
109.06,101.86,103.05,102.89,102.27,99.84,105.78,109.47,97.73,86.00,87.77,95.33,91.26,117.25,101.86,102.39,95.27,93.87,84.41,95.02,115.12,93.12,121.04,115.17,93.89,112.86,113.31,130.05,101.26,107.55
109.06,101.86,103.05,102.89,82.21,97.35,95.86,98.64,98.98,99.47,98.72,110.54,106.81,91.32,101.98,103.18,93.01,103.10,86.56,96.88,102.17,86.12,88.38,104.27,106.30,99.60,102.31,104.98,106.17,105.74
109.06,101.86,103.05,102.89,109.66,94.02,88.96,99.18,107.44,95.19,117.08,99.12,90.07,106.78,97.98,88.96,100.66,95.93,97.30,96.55,93.13,110.52,108.58,107.82,94.11,100.06,94.22,92.87,106.88,108.17
109.06,101.86,103.05,102.89,94.56,99.10,105.32,66.40,99.70,111.17,103.93,106.96,98.94,91.75,91.70,100.08,83.37,91.50,90.27,81.27,102.75,92.75,115.07,98.87,82.91,102.53,92.79,109.74,107.99,95.05
109.06,101.86,103.05,102.89,81.46,86.71,99.21,95.97,84.48,96.81,97.71,109.24,74.26,104.27,116.32,94.66,115.82,84.03,96.55,114.84,88.12,94.51,94.14,129.28,86.36,92.86,93.66,86.63,105.04,102.89
109.06,101.86,103.05,102.89,105.40,102.97,91.24,95.12,121.23,106.40,101.27,84.06,83.60,97.38,94.60,90.96,104.28,104.80,105.33,99.31,105.68,96.37,85.68,97.39,86.26,113.02,96.87,94.83,111.42,92.92
109.06,101.86,103.05,102.89,112.73,79.52,102.17,103.48,95.52,122.84,106.66,98.27,101.83,96.90,94.41,123.77,114.95,88.67,80.10,103.97,112.02,101.01,96.96,104.87,90.12,85.98,113.16,101.94,109.58,96.20
109.06,101.86,103.05,102.89,100.55,94.81,101.32,89.28,67.21,100.31,100.35,96.16,93.94,108.44,102.86,91.60,104.04,99.20,116.75,103.88,96.10,105.73,92.93,106.90,94.97,115.57,83.60,85.86,104.40,95.57
109.06,101.86,103.05,102.89,105.81,110.49,91.45,108.34,88.99,95.00,81.92,94.57,105.46,104.74,98.64,112.46,110.20,98.92,84.35,102.68,103.09,119.47,90.84,112.60,80.48,117.60,98.77,110.94,98.28,110.78
109.06,101.86,103.05,102.89,105.92,86.09,89.41,103.73,101.55,111.09,102.89,104.72,92.17,92.62,116.27,97.64,95.47,99.37,97.11,100.47,95.86,90.39,105.82,117.64,102.95,96.64,110.62,115.03,106.20,84.83
109.06,101.86,103.05,102.89,84.39,107.06,81.53,81.70,99.32,130.26,98.00,95.80,88.77,104.85,93.34,97.38,109.63,95.43,94.88,108.09,107.70,98.94,113.55,82.57,100.56,108.11,87.51,91.54,100.07,113.82
109.06,101.86,103.05,102.89,103.55,114.97,111.61,87.08,77.08,95.14,104.97,91.39,103.17,104.75,97.90,104.73,104.32,95.85,92.51,83.42,111.23,103.42,107.81,113.81,95.79,93.43,106.50,94.89,113.03,97.22
109.06,101.86,103.05,102.89,98.10,118.46,110.21,110.84,108.56,99.24,105.91,92.47,82.14,109.22,111.03,112.22,124.58,120.02,93.21,92.56,98.37,99.57,68.84,93.45,109.99,94.09,87.94,111.98,95.21,105.77
109.06,101.86,103.05,102.89,126.87,100.15,96.87,94.45,103.01,97.64,102.19,114.65,79.21,92.58,107.82,95.27,107.47,96.17,107.66,79.72,101.03,101.68,108.86,93.93,109.47,90.63,97.01,100.02,83.90,113.33
109.06,101.86,103.05,102.89,102.67,90.61,94.25,121.94,110.08,101.89,98.45,91.47,107.22,104.65,98.47,97.94,96.94,89.37,110.53,102.95,103.92,111.51,101.65,104.34,85.04,108.46,84.39,105.14,109.47,123.23
109.06,101.86,103.05,102.89,99.09,82.83,98.55,88.59,108.37,111.66,123.47,112.82,99.01,93.33,95.09,99.70,103.33,103.99,87.31,101.93,102.93,108.86,129.06,99.02,104.48,87.49,86.23,110.26,92.51,99.97
109.06,101.86,103.05,102.89,102.89,111.20,114.85,110.38,97.68,93.92,106.98,107.30,101.68,107.00,92.78,96.22,109.97,102.27,97.00,105.75,89.97,109.84,90.89,94.55,100.21,105.07,104.80,101.71,89.52,85.04
109.06,101.86,103.05,102.89,90.54,105.64,117.50,114.04,76.77,87.62,99.04,107.41,114.00,111.72,110.21,112.82,79.41,100.11,108.15,94.94,72.27,93.62,82.40,108.38,83.34,95.54,96.93,94.58,98.63,107.51
109.06,101.86,103.05,102.89,105.57,92.84,99.84,99.63,105.13,88.69,96.53,101.93,90.53,114.77,97.51,92.00,102.76,97.05,108.31,87.15,101.72,90.90,104.12,109.38,99.66,93.48,94.25,101.64,92.81,91.90
109.06,101.86,103.05,102.89,112.66,97.22,98.41,110.61,97.78,97.35,103.91,95.89,97.67,96.56,93.24,105.54,96.06,95.95,109.13,113.36,121.10,97.32,96.04,116.91,97.29,89.37,95.38,97.48,120.51,91.76
109.06,101.86,103.05,102.89,89.91,116.11,92.45,93.69,99.29,101.39,106.47,86.47,100.45,85.96,111.62,101.91,104.42,95.42,106.34,88.02,100.87,83.30,118.57,116.21,82.49,82.94,90.10,102.99,99.22,83.42
109.06,101.86,103.05,102.89,90.43,91.20,88.82,104.85,103.20,107.78,88.20,100.77,89.97,110.28,110.03,111.02,100.29,111.15,119.49,112.96,98.01,89.59,76.71,101.95,109.70,112.79,85.14,97.73,91.26,100.29
109.06,101.86,103.05,102.89,113.83,92.38,83.82,115.47,95.53,119.49,85.57,90.10,103.38,95.57,101.38,111.02,114.51,98.65,92.41,82.77,92.58,76.15,120.71,99.27,82.36,98.69,106.51,95.44,93.82,101.65
109.06,101.86,103.05,102.89,92.48,103.46,104.45,95.86,83.95,90.37,94.33,90.79,92.19,110.71,98.16,97.33,122.88,99.32,105.88,102.90,89.75,89.79,104.37,102.73,108.10,104.10,115.17,107.72,87.34,88.12
109.06,101.86,103.05,102.89,78.84,95.46,118.09,109.16,101.62,98.53,99.77,106.48,90.88,107.78,93.70,83.95,107.49,104.03,100.73,102.65,97.05,95.18,97.52,109.20,92.64,106.25,106.06,100.54,108.45,92.72
109.06,101.86,103.05,102.89,110.61,85.70,98.85,94.28,100.72,89.67,111.69,93.37,103.57,116.73,104.51,107.08,89.95,95.88,91.65,99.04,99.77,99.68,104.58,88.10,127.68,104.32,95.48,84.01,96.13,101.14
109.06,101.86,103.05,102.89,95.86,107.67,100.93,96.17,108.76,83.09,100.00,100.70,95.56,108.19,84.05,108.66,92.92,112.57,92.12,92.29,102.55,115.35,108.95,101.17,114.51,77.74,100.95,89.76,101.85,100.74
109.06,101.86,103.05,102.89,109.28,94.13,100.52,84.60,102.69,87.06,103.54,107.07,96.31,118.31,96.28,97.06,89.58,95.93,108.35,88.15,99.57,91.55,103.97,95.25,99.62,89.09,87.60,113.61,93.33,91.02
109.06,101.86,103.05,102.89,92.14,92.70,98.04,108.71,105.61,98.83,106.92,104.11,101.03,98.69,121.50,92.35,87.98,109.23,107.19,94.70,129.97,99.89,106.23,97.74,97.67,91.04,92.56,121.89,106.78,98.07
109.06,101.86,103.05,102.89,102.04,102.02,100.55,90.18,110.07,99.46,108.40,109.23,114.21,98.63,97.81,109.44,109.49,89.82,116.23,92.43,110.31,95.10,82.19,88.65,115.99,124.10,106.40,104.50,110.87,104.94
109.06,101.86,103.05,102.89,89.96,118.05,81.59,98.37,95.28,102.11,106.26,97.90,114.31,92.78,102.64,103.19,106.30,109.64,109.66,88.54,113.65,91.96,93.38,85.01,98.82,93.59,119.16,102.03,85.65,108.13
109.06,101.86,103.05,102.89,110.94,97.89,98.54,102.46,115.91,117.87,105.66,106.76,81.36,85.00,93.43,109.97,98.71,93.88,96.86,110.72,104.11,104.68,95.40,98.48,109.34,110.79,111.75,98.42,99.62,88.89
109.06,101.86,103.05,102.89,89.10,106.70,107.64,115.53,121.03,95.39,92.58,88.87,94.59,84.67,97.01,102.59,108.09,87.81,98.25,105.58,96.04,86.07,101.33,97.37,90.14,119.74,100.37,100.13,94.76,106.98
