distribution,c_e,l_r,l_e,service_level,seed_id,b,single_cost,TBS_cost,benchmark_TBS_result,benchmark_DI_result,DI_result,random_seed1,random_seed2
norm,1,3,1,0.95,3,5,2702.7658681703215,2953.100961830804,2973.6914466379267,2966.150419602128,3238.8472940681986,9574,6138
norm,1,3,1,0.95,0,5,2836.5466620324933,3304.9896382125357,3337.3722464723783,3428.3641846778323,3545.599401524333,5541,2557
norm,1,3,1,0.95,2,5,2691.7628629476208,2921.341852812169,2949.475870657641,2926.6761561439275,3182.7841450718765,6679,7520
norm,1,3,1,0.95,1,5,2702.9229732417884,3017.8745530500673,3040.747580219813,3043.114448826112,3162.200827686429,750,4686
norm,1,3,1,0.95,4,5,2799.446207310087,3247.8827669971233,3276.776705229982,3319.4832237674723,3459.177476614113,8,2084
norm,1,3,1,0.95,5,5,2696.064616976456,2974.8858812355566,2999.2878519237397,2983.4031740659702,3493.8279046128923,1825,7314
norm,1,3,1,0.95,7,5,2791.739281109648,3235.6098817257966,3262.4290414802504,3353.603185357351,3352.8475698731877,4403,4170
norm,1,3,1,0.95,6,5,2689.2715266497003,2793.7364341676393,2808.022510642343,2773.6562363207663,2827.53011279888,3065,60
norm,1,3,1,0.95,8,5,2752.8441593835714,3126.7859648927415,3154.0198326336676,3139.533957063007,3206.6075322884963,1601,5151
norm,1,3,1,0.95,9,5,2696.7321001349783,2866.8601143942196,2890.334496068299,2849.3321395779058,3283.2811413482473,3328,5568
norm,1,3,1,0.975,0,5,2879.4921514302305,3406.2981956605427,3433.6543318047975,3411.245090578359,3855.6938589569236,1793,3384
norm,1,3,1,0.975,1,5,2845.685051866606,3335.697258300645,3366.6682927684437,3382.4470048800567,3555.9254752216398,6245,5285
norm,1,3,1,0.975,2,5,2838.2760881052186,3321.6602036549207,3348.2033689391287,3422.3852170999803,3577.6322489650997,8479,7484
norm,1,3,1,0.975,3,5,2759.024612758495,3178.9749531513253,3203.4090950072336,3257.8736102762714,4096.149684362953,4628,79
norm,1,3,1,0.975,4,5,2986.307620321666,3579.4066625267546,3615.7300535495997,3652.2380618475313,4339.442624645451,8582,4491
norm,1,3,1,0.975,5,5,2824.706669701035,3276.236851242005,3307.771482426596,3368.2213117755955,3757.163828498916,8077,288
norm,1,3,1,0.975,6,5,2699.8318576609627,2997.1049169935995,3021.618478700851,3018.419302293186,3523.2854835125345,1592,9764
norm,1,3,1,0.975,7,5,2755.5908641946166,3141.7527587273307,3168.1584156985496,3223.146323606076,3325.432500188329,390,2642
norm,1,3,1,0.975,9,5,2725.7555702695367,3085.4854615019794,3109.5816616185466,3129.7826941599164,3982.1394066674343,7506,276
norm,1,3,1,0.975,8,5,2870.483112525924,3364.339535685295,3364.339535685295,3413.1442231316537,3615.9860011661685,4066,7334
norm,1,3,1,0.99,0,5,2853.62739213679,3363.268018268781,3391.321400983811,3416.2575698025607,4279.55728311568,5230,4477
norm,1,3,1,0.99,1,5,3464.5215480665984,4200.906300678531,4232.8204801978,4484.233460266937,4947.747285734196,7182,3008
norm,1,3,1,0.99,2,5,3080.0945587621527,3713.2280237108407,3743.455175434065,3952.192962238448,4552.742863525503,8743,4964
norm,1,3,1,0.99,3,5,3022.328423446485,3627.0946211853966,3662.0843551264134,3762.3024146670605,4367.768067433158,2545,649
norm,1,3,1,0.99,4,5,2769.102616834053,3186.531986610277,3301.7666444316656,3361.5195695802668,4279.021504702073,5293,50
norm,1,3,1,0.99,5,5,3283.776102111867,3971.098594040246,4006.420751497624,4104.523030835877,4961.788512470621,2455,8499
norm,1,3,1,0.99,6,5,2748.108387014041,3140.7496423845055,3140.7496423845055,3228.4447463581005,3367.955050916701,600,3597
norm,1,3,1,0.99,7,5,2948.478670743965,3507.135652997775,3536.5930351580623,3679.5649097730557,4018.500497223187,5199,5368
norm,1,3,1,0.99,8,5,2807.5134181978337,3243.582526201648,3272.3960446793753,3301.8932702158827,3909.1571060269466,9498,6583
norm,1,3,1,0.99,9,5,2842.0510864567877,3308.3380551689743,3335.331418912347,3360.2605495465423,4193.808648550696,5159,240
norm,1,5,2,0.95,0,7,3582.9485586103797,3659.138528239715,3680.53521459797,3712.263221436209,4102.040175227505,8993,1475
norm,1,5,2,0.95,1,7,3583.330358131898,3837.9565335910866,3864.4956332870447,3935.950127350832,4222.021778756438,6209,7810
norm,1,5,2,0.95,2,7,3573.1763007687937,3636.100331206402,3660.016367257879,3675.3096396368455,3857.8300678034566,3596,7973
norm,1,5,2,0.95,3,7,3572.191478871651,3587.9534007192724,3606.9125739995607,3633.0852061232126,4226.746663350345,3704,8033
norm,1,5,2,0.95,4,7,3638.418547418423,3804.394149102029,3829.175895866922,3876.2415227700726,4230.716121208848,5994,3689
norm,1,5,2,0.95,5,7,3651.2050003322383,3370.9507094783066,3374.7811480744185,3394.4443279425604,3682.18187382162,4523,6667
norm,1,5,2,0.95,6,7,3626.020072024608,3877.683008663845,3994.0592396027428,3935.384326349629,4231.739535052318,7746,302
norm,1,5,2,0.95,7,7,3594.253569944797,3707.6352872335715,3734.388788828084,3783.1571370966553,4130.289513429111,4219,657
norm,1,5,2,0.95,8,7,3590.2074430793405,3414.288110859996,3424.6571340376595,3472.252302751993,3560.110958498477,5328,5291
norm,1,5,2,0.95,9,7,3642.1720119712845,3903.3149686252023,3928.3326944670257,3974.7254179794068,4743.3854656792,963,4599
norm,1,5,2,0.975,0,7,3750.1692311434676,4142.124147917312,4142.124147917312,4309.5692251263745,4784.487258498145,7694,3369
norm,1,5,2,0.975,1,7,3604.99770693083,3646.2649223416943,3665.792012636124,3706.9700681949826,5281.1556685995,125,1811
norm,1,5,2,0.975,2,7,3604.5310801831333,3687.7266717879497,3710.067706330007,3738.8989802377673,4965.657667576902,7995,303
norm,1,5,2,0.975,3,7,3714.971101867994,4045.152876369041,4070.8310941444856,4126.128087760238,4450.881711246813,8300,9562
norm,1,5,2,0.975,4,7,3563.8095993948205,3751.172540460758,3770.2316059638033,3814.6122585699586,4686.484884828167,1358,816
norm,1,5,2,0.975,5,7,3595.528316347437,3447.114290540983,3460.706961483819,3483.2914702715407,4108.960071331592,9222,3547
norm,1,5,2,0.975,6,7,3682.6951449951084,3997.978496955741,4021.985094104208,4092.5153662572884,4662.326083022336,1941,1093
norm,1,5,2,0.975,7,7,3765.1862681130665,4122.968124089175,4151.814915533723,4205.3522336746055,4827.468915085131,4395,8307
norm,1,5,2,0.975,8,7,3632.9231890663577,3886.084739498786,3909.652940907412,3989.8024154009017,4477.425745332452,8565,6815
norm,1,5,2,0.975,9,7,3577.124904405918,3625.9366644813203,3644.949188458447,3675.2546879092806,4170.045061386243,9756,1833
norm,1,5,2,0.99,0,7,3741.412493289109,4110.975423622815,4138.638263125286,4250.098192243795,4644.223829792361,1216,400
norm,1,5,2,0.99,1,7,4028.2729763388356,4570.6945486238465,4608.683234330986,4724.554345168112,5223.963058601844,1380,9208
norm,1,5,2,0.99,2,7,3868.0881916114936,4342.023597308029,4373.545437272287,4475.996176449735,5223.39094374931,2274,6421
norm,1,5,2,0.99,3,7,4204.5898285743515,4865.061442491397,4895.1965025255995,5111.792244071761,5065.788972054713,746,5567
norm,1,5,2,0.99,4,7,3550.655261996583,3467.1030714147573,3479.191493313174,3555.4630710295683,4651.569766921645,69,9550
norm,1,5,2,0.99,5,7,3733.8223123395574,4180.820939238691,4207.192143420784,4334.726900794504,4681.482453903355,4959,102
norm,1,5,2,0.99,6,7,4062.7820189320273,4633.284780333551,4670.4080778857915,4785.465728343004,5164.812908249882,8595,9623
norm,1,5,2,0.99,7,7,3701.4420857291334,3978.411159583074,3978.411159583074,4062.8393062600903,5156.052831042906,1374,8117
norm,1,5,2,0.99,8,7,3777.0794882738383,4187.558936235519,4187.558936235519,4373.678635365306,5173.554501183831,1945,4097
norm,1,5,2,0.99,9,7,3638.401640591298,3579.392082619112,3600.801069225431,3656.8441984617457,5120.531603409007,452,4023
norm,1,10,3,0.95,0,12,5903.2061152785545,4303.5656789231525,4321.214680723612,4457.606551035563,5333.12083350205,7337,7638
norm,1,10,3,0.95,1,12,6475.725945113742,4065.242266291326,4069.277873306834,4205.216888688254,5334.715508333324,9698,3989
norm,1,10,3,0.95,2,12,6953.105697033089,4032.0313354299888,4047.0587976299244,4157.8492895487925,4929.633049067085,7226,4013
norm,1,10,3,0.95,3,12,5946.394512071766,4123.109260825931,4134.202104357664,4274.385910800409,5133.162778241614,830,5049
norm,1,10,3,0.95,4,12,5965.8848549519,4195.141924334978,4212.8789595566,4364.026571495803,5140.612430247238,4434,2715
norm,1,10,3,0.95,5,12,5713.154850847652,4365.175551940702,4388.173106603728,4525.122060133604,5740.478849293676,9768,5587
norm,1,10,3,0.95,6,12,6218.123356767888,4052.507595787023,4052.507595787023,4179.6760987137095,5140.714537938449,2505,8869
norm,1,10,3,0.95,7,12,5769.19010643016,4264.36993832066,4284.209949414025,4409.425534251957,5203.14803538896,5198,9170
norm,1,10,3,0.95,8,12,6163.838866167927,4061.804584372896,4061.804584372896,4194.724662428331,5347.8976791264,4379,4108
norm,1,10,3,0.95,9,12,5858.992154940859,4274.906674474122,4297.566785623316,4437.000014138531,5014.316435242348,858,289
norm,1,10,3,0.975,0,12,5490.795734179495,4547.233677428076,4566.349192667296,4716.282403372005,6115.584777139083,4694,3037
norm,1,10,3,0.975,1,12,5855.991360612128,4312.652534905865,4332.542220555173,4477.3334596626855,5372.59287257672,1370,3270
norm,1,10,3,0.975,2,12,5836.105802595921,4325.135751168848,4325.135751168848,4512.416572424352,6042.98784788818,8126,9833
norm,1,10,3,0.975,3,12,5923.468649995282,4373.540643340204,4399.180865159734,4526.999736725401,5527.688994473321,464,8464
norm,1,10,3,0.975,4,12,5948.380862382386,4113.577670816714,4126.136014121924,4262.645676590652,6462.5928802987955,1170,6451
norm,1,10,3,0.975,5,12,5631.044518453142,4474.33097655617,4499.137594315318,4636.404725527182,5927.292070089377,3184,7737
norm,1,10,3,0.975,6,12,5512.482211966883,4886.844185436413,4917.638465185572,5066.029520704432,5995.987633631984,8915,3776
norm,1,10,3,0.975,7,12,5457.481888275554,4760.600980925223,4793.689230673732,4931.507299747925,6700.004189994333,9636,3109
norm,1,10,3,0.975,8,12,5909.337664492736,4155.468450420033,4167.017973775813,4299.90931632838,6166.03438350982,6379,8988
norm,1,10,3,0.975,9,12,5583.709411945149,4656.302438446685,4688.468028739779,4842.195383372005,6180.005491631267,736,9474
norm,1,10,3,0.99,0,12,5513.292460903616,4552.709550754872,4581.971642389312,4838.111202014699,6584.761851815475,1993,6698
norm,1,10,3,0.99,1,12,5540.820995321316,5644.920854291758,5684.636261600999,5886.467436469365,7009.4623285746775,1864,1223
norm,1,10,3,0.99,2,12,5562.938798433382,4700.456737571888,4834.758954674688,4881.656233776348,6284.567894683107,9185,4931
norm,1,10,3,0.99,3,12,5465.894471841091,4966.302745414042,4997.022566307582,5140.947837316249,6306.935186716089,1645,5677
norm,1,10,3,0.99,4,12,5497.294649415278,4912.282052680537,4912.282052680537,5103.47690610799,6013.886634331571,7602,6035
norm,1,10,3,0.99,5,12,5494.146416050043,5071.461572854654,5106.517719865078,5245.371485864418,6912.540428048665,6321,2059
norm,1,10,3,0.99,6,12,5482.330756587278,4762.378040564195,4762.378040564195,4938.494969976259,7183.307865274774,4259,4519
norm,1,10,3,0.99,7,12,5840.974788017136,4294.753735010388,4314.649292488325,4449.352662030851,5608.476303063375,7180,2580
norm,1,10,3,0.99,8,12,5447.555029391713,4786.330339736039,4815.498045798368,4957.655156574012,6415.245149249904,8127,8064
norm,2,3,1,0.95,0,6,2825.105882988569,3323.2179488560705,3323.2179488560705,3186.54052074433,3319.568382677513,5059,6485
norm,1,10,3,0.99,9,12,5461.0166346345495,4677.319071093172,4704.400244882779,4850.882080226794,6158.765185523723,4735,8730
norm,2,3,1,0.95,1,6,2854.0764242727664,3280.7659811837602,3280.7659811837602,3267.610876022715,3431.014878193648,2136,2719
norm,2,3,1,0.95,2,6,2887.828417601648,3743.323983791571,3748.814637641296,3774.032812716053,3600.758248829513,4772,8319
norm,2,3,1,0.95,3,6,2819.17715335506,3474.993044837993,3474.993044837993,3509.1810903413593,3331.3630226296523,5513,3284
norm,2,3,1,0.95,4,6,2814.424411136049,3532.105510339478,3531.407741614825,3790.9957624998788,3570.490068168443,3105,99
norm,2,3,1,0.95,5,6,2839.5269521948326,3578.91032157832,3577.295363437792,3600.47630230425,3550.0446222336823,1788,7809
norm,2,3,1,0.95,6,6,2818.880104632697,3487.936594278965,3486.619088342863,3395.3959185537306,3321.6341354280053,831,4429
norm,2,3,1,0.95,7,6,2820.095102038788,3471.8664471380234,3469.4659465349932,3402.6400448345535,3422.1362326178555,7870,8820
norm,2,3,1,0.95,8,6,2830.083906700155,3339.171838787037,3339.171838787037,3199.0709265143664,3303.596200630842,3604,8043
norm,2,3,1,0.95,9,6,2827.3369957863297,3576.176524265055,3572.784079128241,3617.7110560972246,3537.3163865935685,9769,7491
norm,2,3,1,0.975,0,6,2821.466224967297,3520.1932174178737,3508.347390377964,3472.8511514924994,3710.4067600146805,6927,7799
norm,2,3,1,0.975,1,6,2824.0248646188834,3480.0310784485396,3480.0310784485396,3389.592476948684,3820.5201493393283,4059,9458
norm,2,3,1,0.975,2,6,2896.6164999053067,3764.5550796904313,3772.7948524909093,3812.7029796857687,3687.1448128504653,7415,2459
norm,2,3,1,0.975,3,6,2916.0440018820655,3798.160755909118,3803.7952541006944,3999.339572981023,3809.6297094274514,905,3355
norm,2,3,1,0.975,4,6,2828.5135993699987,3558.2182283039688,3555.3441452157645,3480.611078178313,3533.15563543286,5838,205
norm,2,3,1,0.975,5,6,2925.1640030733543,3834.093483461655,3836.5850349053403,3897.188911091501,3773.903826108215,9818,220
norm,2,3,1,0.975,6,6,2850.455374408937,3559.980390362324,3555.1348375866387,3476.5513175627248,3630.554028153681,3544,8982
norm,2,3,1,0.975,7,6,2963.7161900068427,3913.785715874658,3925.509622242096,3989.45968580446,3840.997595591051,1402,4832
norm,2,3,1,0.975,8,6,2825.442451070221,3531.251107501331,3531.251107501331,3604.6794501664695,4096.389497480958,9875,1837
norm,2,3,1,0.975,9,6,2848.038454447522,3636.1138588949093,3632.905096028175,3654.879431159514,3578.6091136739715,6678,9741
norm,2,3,1,0.99,0,6,2902.3365682706485,3780.5067709997656,3789.6636907761244,3728.037616582226,3727.5919152204497,1465,8787
norm,2,3,1,0.99,1,6,2887.8918954598025,3751.311680768913,3750.1591883795404,3747.2037693697316,4011.0936658096266,9451,9635
norm,2,3,1,0.99,2,6,3343.4359870628323,4511.919441603759,4514.913507459429,4972.848246865147,4623.446659145258,1117,290
norm,2,3,1,0.99,3,6,3029.7936959133367,4032.7970039742813,4161.220400886405,4130.1743697279835,4138.022217272879,3460,4031
norm,2,3,1,0.99,4,6,2937.7337819411,3836.9729550729658,3848.0618679225167,3986.058515297233,3758.1304385543617,7106,3515
norm,2,3,1,0.99,5,6,3120.5727516048446,4192.864351927248,4196.680998599969,4464.649482476542,4089.274952976794,3820,4110
norm,2,3,1,0.99,6,6,3159.501621310224,4247.208040992462,4261.443170950463,4501.905859300243,4848.04211321182,2432,5513
norm,2,3,1,0.99,7,6,3007.3171559581206,3976.733684460134,3983.171284717925,4157.101825980127,3964.3495098798085,4225,296
norm,2,3,1,0.99,8,6,2846.3254925906,3583.946646384547,3571.1865980288535,3536.5322752240672,3505.855729844251,57,6855
norm,2,3,1,0.99,9,6,2861.6406037253846,3684.294187980145,3691.66241422508,3615.8570599770205,4212.569047946852,5025,4482
norm,2,5,2,0.95,0,8,3705.0884916756067,3976.6349325651495,3976.6349325651495,3956.6604843055466,4019.697901996221,764,8115
norm,2,5,2,0.95,1,8,3728.695853099876,4181.333920446641,4179.841927394323,4160.489060919101,4143.078463499569,1715,1185
norm,2,5,2,0.95,2,8,3770.3876874671296,4419.313741403066,4425.902880904534,4467.456389166274,4684.346921104621,9172,4064
norm,2,5,2,0.95,3,8,3712.6220709388094,4029.1318458440987,4029.1318458440987,3990.3735766276704,4013.6945523186046,7150,706
norm,2,5,2,0.95,4,8,3674.07426974883,4342.848063928127,4338.646600434285,4401.905544455411,4345.017593948457,9912,5706
norm,2,5,2,0.95,5,8,3702.9100237336093,4255.913729696185,4247.655880810547,4318.421407969068,4267.76322693867,5781,1649
norm,2,5,2,0.95,6,8,3831.284828239348,3854.054253961102,3854.054253961102,3825.666746211358,4066.1356362897873,280,5685
norm,2,5,2,0.95,7,8,3666.2037869593137,4014.960241772196,4014.960241772196,3997.141934342579,4576.559956885405,130,4893
norm,2,5,2,0.95,8,8,3704.5926093509124,3921.8783633522567,3921.8783633522567,3901.304481037113,4094.2536539952166,5905,160
norm,2,5,2,0.95,9,8,3956.526321542685,3777.355625054567,3777.355625054567,3721.67113920826,3910.3911000059443,8909,6082
norm,2,5,2,0.975,0,8,3711.0935657010805,4374.329620242897,4381.056796269122,4435.481015224822,4543.173305102238,6514,756
norm,2,5,2,0.975,1,8,3763.245365253574,4422.708822902456,4437.218949100553,4490.1650039686465,4689.51627112168,113,2611
norm,2,5,2,0.975,2,8,3734.6390849632126,4280.119987158337,4286.003393814803,4272.02392766519,4494.546075609047,8321,6196
norm,2,5,2,0.975,3,8,4057.865064252534,5060.809130076147,5069.722633296907,5408.112674726136,5432.597193623964,6074,6255
norm,2,5,2,0.975,4,8,3690.979624064426,4006.8286805825464,4006.8286805825464,3981.844719454799,4281.391717230352,2479,6528
norm,2,5,2,0.975,5,8,3730.320213870917,4342.212868404436,4491.096500962045,4450.103497718873,4577.4536463147215,9692,3984
norm,2,5,2,0.975,6,8,3954.089123250346,4862.653932310648,4884.245746388201,5001.717538079038,4913.675045316091,5423,5023
norm,2,5,2,0.975,7,8,3718.7815662821663,3995.583802761029,4099.822055582233,3950.6112432379723,4439.022855737226,8456,2271
norm,2,5,2,0.975,8,8,3702.9575513194827,4138.448631764824,4138.448631764824,4121.767544792162,4487.9474992454425,7549,7888
norm,2,5,2,0.975,9,8,3705.2461955763056,4090.5848374032516,4090.5848374032516,4096.635967893667,4385.928881646797,2258,7347
norm,2,5,2,0.99,0,8,4156.907592010198,5194.870398746136,5208.7316718583215,5468.813252408323,6108.494093436673,1954,5637
norm,2,5,2,0.99,1,8,3769.733187521113,4385.445838785715,4393.832728865709,4374.332673587358,5059.380357171774,7293,1090
norm,2,5,2,0.99,2,8,3969.9314600780353,4939.6748985462,5063.388376656138,5273.733263022398,5112.18511342155,9179,9488
norm,2,5,2,0.99,3,8,3885.244870640262,4781.98017022242,4785.05147214514,4899.388825047993,5014.263053738798,6526,4304
norm,2,5,2,0.99,4,8,3976.5980845787867,4935.57144126747,4935.5671652573665,5240.501905070968,5242.822548742368,854,1768
norm,2,5,2,0.99,5,8,4160.087792563202,5244.14801954561,5244.14801954561,5732.975245478454,5557.971581283536,5939,1720
norm,2,5,2,0.99,6,8,3916.7910051398426,4770.401072049422,4786.007831411609,4881.8911583844665,5019.006967120521,706,357
norm,2,5,2,0.99,7,8,3795.610463834149,4588.1201716941205,4590.932387791048,4649.6762628015,5239.98598566042,8351,8493
norm,2,5,2,0.99,8,8,3947.394607046121,4849.59719889456,4853.335940335385,5140.19417516628,5087.288790608618,8499,6129
norm,2,5,2,0.99,9,8,4257.950848998409,5344.838354901247,5355.650566372212,5742.644781044567,5826.961782412092,6978,9023
norm,2,10,3,0.95,0,13,6400.083082724668,4546.473235803845,4546.473235803845,4694.279736166221,5528.456281358572,4681,318
norm,2,10,3,0.95,1,13,6378.840674262934,4517.762572458062,4517.762572458062,4645.271497226514,5220.574468678977,4973,1093
norm,2,10,3,0.95,2,13,7362.736581243658,4381.182966814061,4409.62759234336,4538.244181817001,5185.490420563374,6314,9488
norm,2,10,3,0.95,3,13,6088.694627527172,4720.900361972617,4720.900361972617,4893.251592148096,5501.511239978865,562,5800
norm,2,10,3,0.95,4,13,6118.326808131849,4772.356353090219,4772.356353090219,4916.8033986635755,5469.928050668163,3591,6016
norm,2,10,3,0.95,5,13,6129.874216360163,4685.951298891991,4685.951298891991,4828.633343733086,6113.994456815077,1216,400
norm,2,10,3,0.95,6,13,6229.321660594008,4653.404846663973,4658.081039284041,4832.170841252268,5195.363866061996,706,357
norm,2,10,3,0.95,7,13,6066.124434922057,4627.037758334832,4627.037758334832,4790.635020546425,5345.921283307993,5877,7602
norm,2,10,3,0.95,8,13,6852.307031386118,4444.566455775064,4502.689338292648,4574.977432412836,5040.391044426585,7576,6211
norm,2,10,3,0.95,9,13,6833.644789594507,4395.949852032009,4395.949852032009,4538.901362644772,5084.740309958227,69,9550
norm,2,10,3,0.975,0,13,5947.619458205925,4804.040688546464,4804.040688546464,4971.225436660495,6093.3963810928535,4681,318
norm,2,10,3,0.975,1,13,6819.863265295647,4501.050344934465,4501.050344934465,4615.925617091799,5492.925336694179,1833,9039
norm,2,10,3,0.975,2,13,6049.382634025028,4635.049832201028,4731.648433755415,4788.00583763471,5336.474958899692,3310,7130
norm,2,10,3,0.975,3,13,6047.013920069555,4704.701758366795,4704.701758366795,4832.243103576976,5986.968935055455,1945,4097
norm,2,10,3,0.975,4,13,5746.026994909489,5183.8292419941035,5196.961740637286,5367.054996778339,6411.52924583358,3591,6016
norm,2,10,3,0.975,5,13,5853.001538254546,4799.1165341932865,4799.1165341932865,4937.825121779917,6166.510386821932,8518,1686
norm,2,10,3,0.975,6,13,5852.71569915935,4982.70091262655,4982.70091262655,5187.761877925361,6200.098655174297,1321,8596
norm,2,10,3,0.975,7,13,6327.752126881071,4641.45193713339,4743.474716730388,4816.538987571949,5913.404620140087,7226,4013
norm,2,10,3,0.975,8,13,6281.43674627129,4621.2721659578465,4708.021410998112,4771.015568090575,5674.8423900552225,7576,6211
norm,2,10,3,0.975,9,13,5470.676889769751,5321.358419970291,5321.358419970291,5704.693144045171,5890.822084640723,2038,8866
norm,2,10,3,0.99,0,13,6182.500846211193,7182.777098188993,7203.037014141922,7618.489875925842,8389.047065204906,3719,6729
norm,2,10,3,0.99,1,13,5603.873561700722,5061.800344905818,5064.47138510577,5253.65128398969,6207.264780272404,2505,8869
norm,2,10,3,0.99,2,13,5705.557713975735,4907.0776125147495,5019.63845356928,5063.764739495022,6425.064603923908,3310,7130
norm,2,10,3,0.99,3,13,5629.358725640317,5989.423191231912,6011.3843094137055,6278.964951337585,7193.713091636797,2478,5871
norm,2,10,3,0.99,4,13,5586.417262567203,5367.74817677557,5382.741139921552,5596.574174307583,6562.340935515728,8604,4448
norm,2,10,3,0.99,5,13,5474.411043580522,5459.112688575184,5463.257091944933,5662.323496110544,8086.159576476134,4694,3037
norm,2,10,3,0.99,6,13,5744.617823102341,5139.054022409049,5156.7379556281,5415.306009623324,6966.762615265162,1321,8596
norm,2,10,3,0.99,7,13,5966.008541479236,4792.984965314811,4787.0123965661915,4980.66811574272,7120.136906015548,3640,2331
norm,2,10,3,0.99,8,13,5553.771806047889,5331.733050085429,5331.733050085429,5523.935418157186,6520.292521753188,7093,4133
norm,2,10,3,0.99,9,13,5838.618436600196,4766.629908239741,4874.140443987558,4922.595490266658,6693.043312926351,1170,6451
geom,1,3,1,0.95,0,5,585.26966888,579.5970451066665,593.848691493333,605.5267702599997,716.0093268399996,3719,6729
geom,1,3,1,0.95,1,5,653.6685087999999,700.9712813026263,712.7354464824242,758.6832286400002,761.9785355599997,5189,3028
geom,1,3,1,0.95,2,5,611.2725707599999,635.4474999185859,645.8501166951514,694.30193215,789.1390293699999,3239,4125
geom,1,3,1,0.95,3,5,614.1534858000001,636.0885599465656,656.5622836381818,653.3015507499999,655.0112261699998,6379,8988
geom,1,3,1,0.95,4,5,618.8841610399999,640.7798252347472,648.5063820434343,659.2343941399995,792.91827698,4184,9753
geom,1,3,1,0.95,5,5,616.91604016,638.1422293147473,664.3201638153532,655.5144605599996,792.4721658799998,9517,2012
geom,1,3,1,0.95,6,5,611.6890216800001,634.2123367325254,658.0531560206059,651.7972158399998,731.6043464800001,4244,12
geom,1,3,1,0.95,7,5,592.2248592,579.5853144,596.6167948,600.851532,714.0931072,7316,3078
geom,1,3,1,0.95,8,5,596.5042239999999,584.8938876266665,592.4510032775755,609.2123090399997,716.6820084799998,9743,5486
geom,1,3,1,0.95,9,5,617.1581037199999,640.3122347826261,648.9346641618181,660.8455681599996,789.5473214199999,4320,7983
geom,1,3,1,0.975,0,5,683.3868219999996,742.5598548484843,744.9100563636359,820.8427049999989,947.2655959999987,2431,85
geom,1,3,1,0.975,1,5,679.4205147799993,740.8196736154539,751.5555712982821,839.3450693199993,853.9142190099993,6010,2372
geom,1,3,1,0.975,2,5,748.8425056599981,825.2302673821193,838.448897239089,922.2158654499979,851.2945860299983,6646,7318
geom,1,3,1,0.975,3,5,706.2232797000001,777.004337120909,793.5760073081817,874.07850622,823.3100175799997,2957,4998
geom,1,3,1,0.975,4,5,636.5827314399995,671.0169734335349,685.4964792460602,710.1284188399991,831.6063239199993,6736,909
geom,1,3,1,0.975,5,5,709.164303679999,781.7669208080795,807.6486578036348,879.5619380799986,806.914070879999,5052,1122
geom,1,3,1,0.975,7,5,686.6018196599994,743.4731193863631,770.4221471527266,842.3184714199994,827.7187748099999,9407,463
geom,1,3,1,0.975,6,5,709.7406639800002,778.5340463445455,789.504994301515,873.33457956,892.2049956400001,1156,7349
geom,1,3,1,0.975,8,5,631.7331911199997,668.4874280381813,698.1118768460599,749.245496919999,895.9883473999992,261,1558
geom,1,3,1,0.975,9,5,883.6265157199995,985.5060772911103,1006.2862990799991,1080.5473688599993,1111.4024212999984,681,4047
geom,1,3,1,0.99,0,5,608.1247203200003,633.8812933616169,656.6690378276774,694.8723577800012,922.6055478800002,3380,1814
geom,1,3,1,0.99,1,5,653.7074699200015,704.0132391781838,711.4677354900019,803.415459320002,871.6112085900014,8361,8283
geom,1,3,1,0.99,2,5,710.7375446400009,778.7305270109101,794.2527436218191,875.7376577600008,1025.9068604000006,4832,98
geom,1,3,1,0.99,3,5,713.1442521800003,781.2006115940409,788.1164407108085,878.2500556500005,785.0711967900004,6222,4193
geom,1,3,1,0.99,4,5,923.7187068000009,1030.828275076668,1042.241858296668,1125.7461704000013,1036.6240091800016,3754,9440
geom,1,3,1,0.99,5,5,657.7521221600005,705.5061769381822,724.7711154355561,761.9361351200006,941.0939592800003,5730,4724
geom,1,3,1,0.99,6,5,934.7434007000045,1038.662810000005,1059.4035620151562,1133.5314548200047,1225.0991374900038,4028,1159
geom,1,3,1,0.99,7,5,850.6625178,944.492100701111,958.2980071051518,1040.24723594,1068.865202720001,3888,9068
geom,1,3,1,0.99,8,5,775.9262462000007,861.5643272000008,879.9688423545465,957.9614307000008,890.382943700001,8080,1603
geom,1,3,1,0.99,9,5,1087.3091487999995,1201.9571486333334,1216.1923853181818,1296.7115268,1233.82920585,2438,4135
geom,1,5,2,0.95,0,7,799.2585521599998,736.6097921163636,744.9891861872726,746.6486505999998,855.7667411199999,6801,9889
geom,1,5,2,0.95,1,7,799.7445251199999,737.8886584254543,750.9063689478785,748.3695652799996,854.8943310399999,5272,3079
geom,1,5,2,0.95,2,7,799.7344934399999,780.0316497555556,802.8141916000001,825.3820800399999,872.65063088,1914,191
geom,1,5,2,0.95,3,7,795.9747116799998,730.1604799081819,733.1764983390908,732.3791689600001,776.1877013199997,8396,4348
geom,1,5,2,0.95,4,7,797.96646992,781.6999940533333,799.595647728182,803.0235356200001,874.0045334400002,4524,3003
geom,1,5,2,0.95,5,7,798.7542093599998,782.72749413,807.3699407955556,789.0361997799998,923.0005931999998,7112,8736
geom,1,5,2,0.95,6,7,797.8533162399998,734.6582609099997,753.0655554638383,743.8964011799997,810.9515880799999,144,6261
geom,1,5,2,0.95,7,7,794.60618784,728.1382189999999,735.86798988,736.1498251,852.2802089599998,8018,574
geom,1,5,2,0.95,8,7,817.5924907199999,787.7590037399998,797.52767975,807.8391990599997,925.98411096,5933,21
geom,1,5,2,0.95,9,7,796.31656856,690.5665361145453,697.0064031181818,696.8509833499998,838.9415695999998,1037,8146
geom,1,5,2,0.975,0,7,1002.1619817599999,1079.417167252222,1092.723012840303,1172.1253884799999,1283.4369541599995,8478,8922
geom,1,5,2,0.975,1,7,788.3952620000001,778.0834259924244,793.6818113358587,793.6939775000001,1013.0722919999994,3625,5871
geom,1,5,2,0.975,2,7,831.78347704,844.6567220347475,855.5632431621212,885.94435878,1153.9276062399995,6304,9771
geom,1,5,2,0.975,3,7,792.7079199999997,757.8811484511106,778.9645844963633,770.6847419599993,972.6499499999999,7817,3107
geom,1,5,2,0.975,4,7,882.9302219999992,922.2905237045442,941.1734690782814,964.2591842499983,987.6293449999993,2500,3231
geom,1,5,2,0.975,5,7,824.4259583999998,818.6992645575751,846.0242686262618,832.5278621999994,1149.1498895999994,9606,3963
geom,1,5,2,0.975,6,7,833.2141110400001,847.4025853636365,859.8537659042424,919.60343347,1033.7465406399986,3014,714
geom,1,5,2,0.975,7,7,893.2094999999998,928.6855082781818,959.5839418115153,968.78868334,1038.70259016,1006,696
geom,1,5,2,0.975,8,7,809.03780736,785.5383524040406,792.843316428283,803.8636464000001,922.4030118400002,5113,1907
geom,1,5,2,0.975,9,7,879.3412371199998,916.9565817793939,933.3979489915152,979.88701048,1202.8107740799999,2108,4470
geom,1,5,2,0.99,0,7,834.6373772,847.7215655409091,871.6341965136364,868.9845909399997,1422.4558525600014,5557,8085
geom,1,5,2,0.99,1,7,836.4064558400001,848.27160469,862.4125348636363,864.2341688399999,1188.8178599600008,6245,628
geom,1,5,2,0.99,2,7,834.9351121599998,847.8395122296969,864.4782588327272,889.1758750199999,1123.6656068800007,5381,7920
geom,1,5,2,0.99,3,7,947.9148976000018,1006.333450782831,1022.0328932080837,1099.3498129025031,1233.0092236800022,7399,9594
geom,1,5,2,0.99,4,7,1004.4805388000013,1080.5690753566682,1091.551709673335,1144.943108477502,1379.238649480002,2671,2393
geom,1,5,2,0.99,5,7,884.7043020799999,922.1469013470712,982.602566970303,962.0403912200003,935.3804872000007,3134,2791
geom,1,5,2,0.99,6,7,932.3647628800012,997.0862616533349,1013.9399112727294,1090.6746428800016,1512.846965760002,4731,3945
geom,1,5,2,0.99,7,7,1005.1614696000001,1080.9556779555555,1097.4617386666666,1147.7050128499995,1319.7631468000022,7329,9537
geom,1,5,2,0.99,8,7,808.0402685600002,787.917201676364,797.000175415152,806.6203016800008,981.6743078800005,2548,1261
geom,1,5,2,0.99,9,7,1008.0389158400014,1086.8174899144462,1097.976638083335,1179.1924692500015,1530.8600714800004,2819,8637
geom,1,10,3,0.95,0,12,1236.7835157200004,963.3310276663634,964.3640083718182,974.475707323846,1150.8245774999994,5612,3146
geom,1,10,3,0.95,1,12,1482.7030338700004,872.5521416672726,876.0893135136364,883.5347637099999,1093.5851087699998,7206,1225
geom,1,10,3,0.95,2,12,1380.0465873500002,885.8811334555555,896.5344809166666,892.7180595846154,1105.6499058499996,1138,2837
geom,1,10,3,0.95,3,12,1204.84043916,1004.4120961074748,1006.3285812034342,1015.90801076,1135.4870437400002,640,3323
geom,1,10,3,0.95,5,12,1257.77064572,955.4452312266666,965.9354709458586,964.9304124199999,1141.8422607500002,1097,6159
geom,1,10,3,0.95,4,12,1318.5534775500005,875.6925458499999,875.6925458499999,885.98592635,1104.6183217500002,462,9069
geom,1,10,3,0.95,6,12,1449.1307647499996,867.7506176919192,868.2950829267677,874.8769482692306,1089.1632867499998,581,109
geom,1,10,3,0.95,7,12,1246.9587969799998,903.6932816554543,915.4874930471716,917.0659213699998,1122.3615959199997,3874,2926
geom,1,10,3,0.95,8,12,1340.2076697400003,877.8867563,878.9142036654544,886.9260656299998,1096.9897817199999,113,6414
geom,1,10,3,0.95,9,12,1381.7712306699996,885.7203905733332,897.1708168712122,895.8532079600001,1103.89958305,6611,282
geom,1,10,3,0.975,0,12,1281.78494124,910.5775153414143,988.4149688762626,918.309124976923,1064.8472602599998,5902,91
geom,1,10,3,0.975,1,12,1206.8523466000004,949.5886993466664,955.1764079866667,959.6249203723078,1141.427011559999,9637,5678
geom,1,10,3,0.975,2,12,1228.0875108799996,954.6173692321212,954.5035912138385,961.7795369799999,1326.6240919599993,6635,9164
geom,1,10,3,0.975,3,12,1237.1958283599997,1148.2694792399989,1167.6350131680797,1167.9254546499985,1449.9514987999992,8227,4207
geom,1,10,3,0.975,4,12,1217.8153131000004,945.7362576474738,976.0705641257565,956.4048668499989,1346.4953154999987,4280,6901
geom,1,10,3,0.975,5,12,1195.10557856,974.5200475351512,981.7027605072725,986.2657313169227,1368.2255830599977,5821,7872
geom,1,10,3,0.975,7,12,1246.9472888000005,931.930485444444,943.9160705797976,946.3059369076918,1381.199413999999,2678,7640
geom,1,10,3,0.975,6,12,1208.8388168199997,1047.0393387716144,1075.5590696458569,1060.1324851699983,1282.4174401499993,4047,3717
geom,1,10,3,0.975,8,12,1238.22335353,948.5275691493939,963.5544844912121,959.354481566923,1209.7125150299996,2142,7053
geom,1,10,3,0.975,9,12,1219.7177143599997,980.715770704444,992.1503100154539,990.8735977699995,1207.948412589999,4501,4455
geom,1,10,3,0.99,1,12,1217.3308688599998,947.0290430309094,946.9570472490913,973.9182335000003,1191.605150760001,9508,4508
geom,1,10,3,0.99,0,12,1243.338483840001,1232.6022275733342,1289.7839974109095,1256.5391310830778,1427.7612133600019,3475,3074
geom,1,10,3,0.99,2,12,1238.2962381600003,1148.923013824243,1163.0726012252535,1173.6495595707702,1429.4757104600017,2894,2943
geom,1,10,3,0.99,3,12,1255.6070082400001,1223.763613866667,1240.8678836544445,1260.5496237,1460.8856039600005,7490,3520
geom,1,10,3,0.99,4,12,1218.4329428000003,1147.5886692363647,1167.9689352909104,1161.1720152461553,1377.2600393000014,8779,3590
geom,1,10,3,0.99,5,12,1204.2288840299998,1008.281722818889,1020.7604284721215,1019.2336438261541,1215.5495460300003,8777,2788
geom,1,10,3,0.99,6,12,1261.5667661200007,1220.2676274836376,1239.1901908436366,1243.1857182600008,1738.2501546600015,7565,4973
geom,1,10,3,0.99,7,12,1199.7304217600004,1076.9691370937373,1085.6321077266666,1087.32104712,1519.309292660001,1856,9206
geom,1,10,3,0.99,8,12,1262.34081424,1223.4039452169695,1241.2932434860604,1268.60615344,1746.4754926399999,4067,9662
geom,1,10,3,0.99,9,12,1251.8290067900011,1222.6772330383858,1229.8039209618205,1249.131039250002,1411.6133383700014,4999,2563
geom,2,3,1,0.95,0,6,621.6927093499999,667.250984340909,673.6916926636363,664.0826251999998,738.9614974999997,9170,3484
geom,2,3,1,0.95,1,6,629.59927397,668.968062602727,675.9283409255554,670.8094720714286,738.1867108399998,6502,3626
geom,2,3,1,0.95,2,6,636.1153905199999,721.0154451866666,728.3391867733333,741.5287379100001,809.4353962000001,1772,9076
geom,2,3,1,0.95,3,6,672.5670986000001,788.4396276000001,807.519797037879,939.9408547642859,781.9304540500001,9753,8548
geom,2,3,1,0.95,4,6,623.4071309,669.3933681863634,674.5204519772725,666.1459583499998,738.2996347999999,3017,2907
geom,2,3,1,0.95,5,6,625.2588233600001,665.2627299418182,669.6900172533334,694.20583632,690.51329752,4532,7439
geom,2,3,1,0.95,6,6,637.3014844,669.6757994109089,676.7483288436363,698.3430551200001,670.1727933599998,6384,6350
geom,2,3,1,0.95,7,6,628.86426638,670.5793495775755,688.7894645006058,668.5796347399996,739.4701167799999,5086,4849
geom,2,3,1,0.95,8,6,638.7360913799998,676.0423081975756,679.4583026993939,674.3672069799998,701.7378889399997,5944,4742
geom,2,3,1,0.95,9,6,670.7052355999998,793.4430118533329,802.8503967903026,867.6404021199993,807.0476914399997,256,6337
geom,2,3,1,0.975,0,6,696.0500488799994,826.6753780399994,837.7058250109084,935.3266315314276,880.7306357799991,6517,3982
geom,2,3,1,0.975,1,6,654.2622363999998,756.2520896454539,771.1566971590905,809.7157654428571,855.3772819499983,4815,896
geom,2,3,1,0.975,2,6,756.1240460599996,907.9679358133327,921.2460829074739,1099.3529272699986,1082.9363879699995,2964,1629
geom,2,3,1,0.975,3,6,661.7685375399998,760.8087359886863,768.0451511931309,815.0685714971426,855.4516419799994,9341,9800
geom,2,3,1,0.975,4,6,656.9131737699996,757.5981849192923,763.8116656680801,802.740410969999,758.6908183799995,82,4402
geom,2,3,1,0.975,5,6,785.5762537999989,946.2509720299987,966.7766187072713,1178.1935418799987,1037.4278042199983,2579,4586
geom,2,3,1,0.975,6,6,643.7267837799999,725.3060836775757,748.7857507772726,746.1567267785714,868.46097435,4950,2418
geom,2,3,1,0.975,7,6,636.6352159999999,720.7408414545455,722.3188326262626,741.8465504999999,728.1943702499999,4454,9381
geom,2,3,1,0.975,8,6,673.20621865,790.951687,799.0298776227273,856.9475132,803.23969275,5493,998
geom,2,3,1,0.975,9,6,720.45994273,862.1513360700001,873.6218166755556,1010.8215152600001,856.7956080499999,5153,1240
geom,2,3,1,0.99,0,6,846.6500335,1026.0225002333332,1027.030632900505,1256.68613355,1020.1878453500001,6847,7408
geom,2,3,1,0.99,1,6,783.2793792799997,943.6958254266665,947.72654133899,1175.93234764,965.1612133600001,5377,4773
geom,2,3,1,0.99,2,6,725.7449364100003,866.3104028100004,889.7348080800004,1100.2869934400003,977.6857034800013,4793,5068
geom,2,3,1,0.99,3,6,856.2533633599999,1029.5168429866667,1044.1801539200003,1254.9325199199998,1148.2222765600006,7696,9643
geom,2,3,1,0.99,4,6,725.3834269800006,866.3840995200004,870.0766703018185,1015.7902355200008,1182.4847698800006,2720,8282
geom,2,3,1,0.99,5,6,675.0055468000004,790.7733651200004,804.8121350400005,948.4506225600003,1254.5010164800015,5986,4326
geom,2,3,1,0.99,6,6,669.0084045000003,787.6490808300003,793.9229551509096,940.8136444800008,888.3321030900004,5111,8663
geom,2,3,1,0.99,7,6,678.0303025000002,793.3941759166671,801.5600719974751,947.5009157500009,1022.406752500002,2176,7392
geom,2,3,1,0.99,8,6,855.1848592000007,1027.9185059333338,1031.0106349266669,1255.3946422200004,1052.846039580001,6727,5292
geom,2,3,1,0.99,9,6,670.5758561600004,790.7333431170711,806.8798395800004,877.2018614414301,839.2423344500004,3949,4114
geom,2,5,2,0.95,0,8,819.46233304,809.0606500642423,812.3365099072727,809.50850926,879.2032312399998,5087,2477
geom,2,5,2,0.95,1,8,830.7247473599999,866.7639842609091,873.1534121869697,867.9578784299999,952.8473279199999,3569,8805
geom,2,5,2,0.95,2,8,826.33732621,813.040892300303,816.1591293388888,858.1302656699999,879.3877577899998,7514,9625
geom,2,5,2,0.95,3,8,848.5970740500001,876.5640836313132,884.9650408595958,886.0547687,893.8714965999999,4800,4076
geom,2,5,2,0.95,4,8,834.58794441,869.0435695404042,876.9150314861614,882.98173108,956.5054360399998,9278,392
geom,2,5,2,0.95,5,8,832.3281436999997,867.810304112121,890.4094015484845,883.3436710999997,1056.6307434999999,2215,4021
geom,2,5,2,0.95,6,8,863.1397623999998,935.4799629139395,965.0470966581817,966.7903451599998,959.5576309599998,7320,1848
geom,2,5,2,0.95,7,8,861.8771631799999,934.9885595367676,943.5582029044444,967.2714746,957.0594017600002,7297,7871
geom,2,5,2,0.95,8,8,841.7982888,873.9719771295959,881.0546928991915,885.7634619999998,920.3826003499997,8758,7034
geom,2,5,2,0.95,9,8,835.24393276,870.2274995028281,878.1977082036364,883.4132589199997,889.8583196799997,6797,5758
geom,2,5,2,0.975,0,8,828.5774882099998,841.3878463054539,851.9285473751507,849.0787193599995,879.8237900899993,1742,7706
geom,2,5,2,0.975,1,8,851.5547387799995,903.8814180571712,912.9394693890902,932.5483912799994,1064.8119193399998,6925,9576
geom,2,5,2,0.975,2,8,862.7725378000001,934.8801359333332,957.5685261111108,963.8683857999999,1078.7295369999997,9307,4300
geom,2,5,2,0.975,3,8,821.7712860999997,811.89595206,815.5386619344443,811.7162909900001,901.6510494699996,7223,5693
geom,2,5,2,0.975,4,8,857.5805604,933.6558410242424,960.736698742424,964.9815605000001,1237.0393443999994,4659,4021
geom,2,5,2,0.975,5,8,888.15389052,1002.3809906800001,1035.4623559357578,1065.4847522799998,1107.1275642799992,8222,5786
geom,2,5,2,0.975,6,8,845.33797058,821.3932060878786,832.4193834499998,838.95547659,822.8300215399998,7637,973
geom,2,5,2,0.975,7,8,856.4090119699998,776.6277345685859,777.325340060707,769.73546129,858.0460636099998,7910,1569
geom,2,5,2,0.975,8,8,949.691903119999,1084.1006152199986,1098.7819693254535,1201.7458386999974,1130.451777379999,6797,5758
geom,2,5,2,0.975,9,8,855.6370899999996,934.4096829644433,947.1768635875745,1004.6305412899978,1053.868310909999,2620,7775
geom,2,5,2,0.99,0,8,949.5019714000011,1087.6192458200017,1128.3014754696983,1146.0695288600023,1251.2124049400013,366,4605
geom,2,5,2,0.99,1,8,1006.4764706500005,1158.9620526000008,1182.1723304166671,1383.784021100001,1226.8757716500008,9037,4481
geom,2,5,2,0.99,2,8,848.2214987600006,932.6026542811127,941.8591537744458,963.1582358200018,985.149595720001,7223,5693
geom,2,5,2,0.99,3,8,1009.9698529600005,1161.209338186667,1169.4962444363641,1384.4726415200003,1167.7523950400002,7645,1421
geom,2,5,2,0.99,4,8,1227.9941667000023,1418.388581333335,1432.6162715585874,1640.3577332000016,1535.1037290000008,441,7339
geom,2,5,2,0.99,5,8,1016.6702968000014,1172.9972024000017,1201.2065144000023,1343.4930760000025,1288.2356264000018,9066,7787
geom,2,5,2,0.99,6,8,857.01932197,777.2380445685858,777.9356500607071,769.3005512899998,965.77731448,7910,1569
geom,2,5,2,0.99,7,8,854.6441749300011,934.0111942033351,942.6484918965674,1060.052334040003,987.133540860002,9017,2048
geom,2,5,2,0.99,8,8,860.6263966000006,936.9301700440417,962.7500745760622,969.4118330200017,1033.2587998800016,773,8573
geom,2,5,2,0.99,9,8,899.0258868000008,1007.2876434400005,1031.6584081333342,1130.2914864800014,1224.2108940800006,1966,4851
geom,2,10,3,0.95,0,13,1327.0653113000003,988.4818049575756,1002.8612726393935,1002.3246335428569,1233.8312859999999,9037,4481
geom,2,10,3,0.95,1,13,1744.2193284,955.094174959596,968.013257760606,1000.7570470000001,974.8255955999999,1558,8853
geom,2,10,3,0.95,2,13,1459.2185497599999,961.5241113179799,972.5230416937372,974.2659242171428,1169.7590249599998,5533,7860
geom,2,10,3,0.95,3,13,1768.2903768400001,963.6289639777777,963.6289639777777,977.2634125399999,1035.7389149599999,9458,9849
geom,2,10,3,0.95,4,13,1277.9148368,975.3641998545453,983.2721158545453,989.3749118999998,1142.5789607999995,9066,7787
geom,2,10,3,0.95,5,13,1228.75940588,1090.7559144545453,1103.0946984827267,1114.9016393399995,1241.0521577399998,4051,5909
geom,2,10,3,0.95,6,13,1336.4783761,987.1992980651514,992.5974605484847,1016.3330338099998,1191.9737289599996,5613,158
geom,2,10,3,0.95,7,13,1514.21753632,926.5045496856567,928.3700796008083,933.9740788800001,1021.9259043200002,3818,5291
geom,2,10,3,0.95,8,13,1331.7600120000006,986.4258294109089,997.2493035200001,998.3130989228571,1240.1149966399998,1966,4851
geom,2,10,3,0.95,9,13,1501.6934427200006,935.4526783036362,939.2589720317172,958.9913180800002,1112.00190116,3358,4458
geom,2,10,3,0.975,0,13,1230.3469417,1229.912181683332,1231.604176382827,1256.9555512642842,1478.6176894499986,4193,4962
geom,2,10,3,0.975,1,13,1268.9031830399995,1309.5931834133319,1410.4416705666647,1347.8381585399984,1536.5931392399984,4508,508
geom,2,10,3,0.975,2,13,1443.9928270799994,961.3595270016161,968.5189030040403,980.1987267285715,1109.204231999999,9458,9849
geom,2,10,3,0.975,3,13,1279.2385674400002,1007.8137685907067,1019.8615427466664,1024.1940763999996,1354.9617024,8258,8330
geom,2,10,3,0.975,4,13,1224.1218477799998,1087.246143032121,1101.3406080998989,1103.748683144286,1191.2831466799994,1917,2990
geom,2,10,3,0.975,5,13,1253.9385562400003,1033.5146507321213,1033.5146507321213,1047.5636755028572,1308.0715323999998,1521,2606
geom,2,10,3,0.975,6,13,1324.4142232800004,955.6123938327269,969.1791237341411,969.4382226799996,1105.5830092799997,3818,5291
geom,2,10,3,0.975,7,13,1231.88512922,1189.6635665933327,1215.5801553177769,1237.0051421714281,1599.8248926499998,7592,4755
geom,2,10,3,0.975,8,13,1309.0639746000006,1005.6311795050503,1028.828529876262,1017.1060138999997,1154.11786795,6223,6665
geom,2,10,3,0.975,9,13,1282.7481238400005,1003.1552286735349,1012.476012365252,1017.2365086071424,1360.7960001599988,9484,9175
geom,2,10,3,0.99,0,13,1372.7014208000005,1476.8578254288896,1582.0290618333338,1544.8665772285722,1942.7441612800014,4508,508
geom,2,10,3,0.99,1,13,1363.835613000001,1476.5138013989908,1502.9120176161632,1536.0915270000016,1623.9723055000015,2295,9686
geom,2,10,3,0.99,2,13,1323.389803820001,1393.0537763600018,1424.9516394500017,1416.8928007442876,1675.3911298200007,1660,7631
geom,2,10,3,0.99,3,13,1226.301765599999,1095.6590571757592,1122.761841463638,1109.2355117000016,1291.1098895000016,3725,9534
geom,2,10,3,0.99,4,13,1258.0383043200006,1306.2784690133346,1308.7656322400017,1339.493375885716,1445.1790884400018,1521,2606
geom,2,10,3,0.99,5,13,1232.8216484399995,1094.3778085090923,1110.634396433638,1111.4084550900016,1582.1960988600003,7143,9427
geom,2,10,3,0.99,6,13,1262.66789468,1094.5559550518187,1111.9131218606067,1109.8643591300001,1582.7804054000014,2604,8706
geom,2,10,3,0.99,7,13,1230.29083572,1091.1449044763647,1123.6275752945462,1104.6964533600008,1582.6414253400008,589,1095
geom,2,10,3,0.99,8,13,1262.9930260799993,1028.97449253091,1040.6403400872737,1043.3198666914295,1560.2056504000004,9484,9175
geom,2,10,3,0.99,9,13,1243.4192507999996,1091.708860456566,1107.6129113111115,1112.565820728572,1785.2611454000003,9300,3501
binom,1,3,1,0.95,0,5,1361.7100549599993,1556.6408035881816,1568.938561827474,1595.5952295700001,1676.0495301200003,6342,7889
binom,1,3,1,0.95,1,5,1342.8417517799999,1433.8649290060605,1442.072826678989,1449.1917021699992,1532.14088732,1373,5517
binom,1,3,1,0.95,2,5,1331.1943637799998,1426.0103946469696,1436.6053089246461,1427.26417087,1562.8517663800003,3725,9534
binom,1,3,1,0.95,3,5,1345.9935003199996,1495.7574428745452,1508.6967998245461,1503.3462022,1610.3775279000004,3171,8953
binom,1,3,1,0.95,4,5,1347.4779884799998,1493.994829412424,1505.6934648362635,1518.1437915600006,1693.9038479700005,8043,5793
binom,1,3,1,0.95,5,5,1454.83122152,1718.7411342351509,1736.6044345694957,1732.3800853000002,1892.6542937999996,2947,5085
binom,1,3,1,0.95,6,5,1340.34590016,1486.6968581345452,1497.0783361212118,1525.4910544599993,1684.4455111600003,2749,5334
binom,1,3,1,0.95,7,5,1415.4403836599995,1635.946351144545,1653.5137607757565,1643.2870274599998,1768.0571557800001,2837,6361
binom,1,3,1,0.95,8,5,1353.8131328,1496.1439858036367,1509.5450367563642,1501.94335776,1872.92130112,3014,9058
binom,1,3,1,0.95,9,5,1354.00210668,1489.3074008409083,1501.7179863052522,1488.3315464299994,1741.3365707100002,632,4195
binom,1,3,1,0.975,0,5,1374.0303049599997,1562.9983130181818,1577.4857663175753,1591.7459049999998,1888.3382854399988,6719,7331
binom,1,3,1,0.975,1,5,1428.4066744,1675.2097197963633,1691.5864602181819,1690.508695119999,1786.59817784,5812,3839
binom,1,3,1,0.975,2,5,1400.9619462399996,1629.388244453333,1642.286882373333,1652.5923709599995,1902.7919695999994,4377,8893
binom,1,3,1,0.975,3,5,1338.72097308,1427.0992988363637,1435.665785164546,1428.6627538700006,1658.0130950599987,8132,1759
binom,1,3,1,0.975,4,5,1425.7119550400005,1674.0447821236355,1687.4869020688889,1733.8873920999997,1733.7098743199992,9653,94
binom,1,3,1,0.975,5,5,1469.7648015999985,1755.3755185878765,1770.0540949858555,1844.5089422999981,1886.2341740999975,1491,8653
binom,1,3,1,0.975,6,5,1498.950107999999,1793.7055113948481,1811.8649448436356,1850.6010981400004,2091.001873309997,4293,1860
binom,1,3,1,0.975,7,5,1527.3454938,1831.5314152090903,1847.889268357576,1905.0732271999989,1991.1517089999988,497,7296
binom,1,3,1,0.975,8,5,1479.6744052999986,1762.7427315809057,1777.6115049960576,1828.4320086299947,1789.0555331699964,3909,5573
binom,1,3,1,0.975,9,5,1419.4074964399995,1667.6524450527268,1667.6524450527268,1696.8036285199998,1776.4187980299987,8654,9970
binom,1,3,1,0.99,0,5,1551.0462358,1871.2222832872737,1887.4171358287883,1999.8654229900008,2050.0344052200003,2775,9845
binom,1,3,1,0.99,1,5,1362.5921746400004,1499.9231791951515,1513.9794588181824,1507.88048312,2080.292617040001,368,8552
binom,1,3,1,0.99,2,5,1629.6222448800013,1969.4907257393952,1988.1096917547504,2066.1027219200023,2258.5364106,6974,4588
binom,1,3,1,0.99,3,5,1622.5677409999992,1959.4221204090907,1975.406508441919,2147.3796279,2062.8003585,7758,2408
binom,1,3,1,0.99,4,5,1457.3131423000011,1719.9566287954556,1736.8915837030322,1751.7254991500022,1852.662890850002,5166,2930
binom,1,3,1,0.99,5,5,1679.2949018400006,2043.359479484243,2043.359479484243,2280.784294839999,2279.4834658400005,4793,8100
binom,1,3,1,0.99,6,5,1385.74889192,1568.1864709963638,1583.9482383793954,1628.7988577800004,1781.19457668,6099,3250
binom,1,3,1,0.99,7,5,1767.9243424400004,2142.298080641819,2158.5749169696965,2373.4157082200018,2247.48995364,6007,1998
binom,1,3,1,0.99,8,5,1501.8631667000013,1794.8273637681841,1794.8273637681841,1850.811160200002,1972.8881713000033,150,5312
binom,1,3,1,0.99,9,5,1546.683528740001,1869.742190751818,1884.946017393637,1966.1332028099994,2007.9370950000007,7629,6589
binom,1,5,2,0.95,0,7,1785.7939239999996,1734.2631852948496,1743.7093855968672,1749.88385348,2026.80723308,5406,2876
binom,1,5,2,0.95,1,7,1848.7301648,1644.2221688727275,1670.2230864484834,1662.5118818000003,1770.3466088000002,4804,8279
binom,1,5,2,0.95,2,7,1789.7551089600004,1726.1324612618173,1733.1667242004032,1748.9932714599997,1933.2922062400005,5080,8193
binom,1,5,2,0.95,3,7,1767.7689908,1728.255564283032,1737.3660933246479,1751.6210542800002,1864.7609547200004,7028,8291
binom,1,5,2,0.95,4,7,1801.2898165600002,1670.6872546536379,1673.646784939696,1686.7939594800005,1985.2791425200014,4173,9342
binom,1,5,2,0.95,5,7,1804.3620100800008,1684.541773233333,1688.2014813222222,1704.1504196799983,2220.6771543199998,1880,3975
binom,1,5,2,0.95,6,7,1773.1728502400001,1777.64235149091,1786.4611576815137,1797.9959564,1998.9620942800013,7196,6459
binom,1,5,2,0.95,7,7,1779.449058,1738.203249800909,1749.1655873716152,1754.7415504800006,2081.5489791200002,2134,2327
binom,1,5,2,0.95,8,7,1792.0903259200002,1846.1824645678785,1859.1151334817164,1879.3456942400005,2036.3375108000007,7254,8506
binom,1,5,2,0.95,9,7,1791.1756478400002,1848.9303899299996,1859.9603214345461,1873.4663720800006,2082.5314581200005,6990,1002
binom,1,5,2,0.975,0,7,1795.3533876,1790.46838465909,1837.1593632742417,1833.1019664999976,2144.794807599996,9589,8472
binom,1,5,2,0.975,1,7,1811.3345278400004,1913.7789006530288,1926.5345039009073,1956.52776016,2194.2592666800006,860,7802
binom,1,5,2,0.975,2,7,1842.590402479999,1997.5163248654553,2013.6848440236379,2039.6915659124998,2423.652798559999,8470,2243
binom,1,5,2,0.975,3,7,1806.101568799999,1884.5047189272702,1896.5819963833303,1911.5674739999986,2218.7545061999986,5241,5034
binom,1,5,2,0.975,4,7,1769.8089323999995,1841.1566542318185,1851.374741794445,1874.150303112499,2358.6458223999994,8640,2101
binom,1,5,2,0.975,5,7,1813.4820523199999,1818.747590095452,1830.3842939651515,1849.8731906749983,2352.7393771599986,7659,9267
binom,1,5,2,0.975,6,7,1868.545030880001,2067.604895164849,2082.164618843231,2133.1995168000003,2370.91814616,7630,3297
binom,1,5,2,0.975,7,7,1909.7051759999995,2142.7137849393926,2158.5733555808056,2204.1299865,2430.7614539999972,7839,9395
binom,1,5,2,0.975,8,7,1822.9527745599999,1924.6228827999976,1941.2066550444422,1964.111608159999,2209.9720403199985,332,7936
binom,1,5,2,0.975,9,7,1851.4010719199982,2025.561603259997,2038.6939661054514,2083.879760729998,2366.064863439998,3599,4290
binom,1,5,2,0.99,0,7,2439.656814080001,2837.4037333709107,2854.7068402911145,3100.986315720001,3152.842332560001,6736,5490
binom,1,5,2,0.99,1,7,1821.371469439999,1919.8871283648466,1919.8871283648466,1947.2328334049992,2302.077156559998,1137,9031
binom,1,5,2,0.99,2,7,1926.7439167999994,2153.450968751516,2168.2874516611114,2236.720690599999,2683.0474014000006,8786,1487
binom,1,5,2,0.99,3,7,2021.7733887999966,2317.523011289997,2337.0400675433325,2398.119190559999,2364.5498782800014,245,7513
binom,1,5,2,0.99,4,7,1872.8658839999991,2063.91884755,2080.3113399550507,2107.5780005999995,2184.2157300000003,877,4867
binom,1,5,2,0.99,5,7,1959.954052800003,2233.0043773030307,2251.1734121515155,2318.050599175003,2590.8489800000007,2289,7117
binom,1,5,2,0.99,6,7,1920.8514814400005,2153.283279636667,2168.702157318888,2208.533476860002,2457.5663476,110,7157
binom,1,5,2,0.99,7,7,1930.140909440001,2160.114283093336,2176.994406835556,2230.2123113600005,2753.2841846400033,2580,1692
binom,1,5,2,0.99,8,7,1916.3864181600022,2148.323323328184,2164.885970617983,2341.2552200800014,2298.6577805200004,7186,122
binom,1,5,2,0.99,9,7,1860.0671699200002,2058.6179765633324,2072.229170053332,2139.38486232,2357.222667120004,8186,9849
binom,1,10,3,0.95,0,12,3211.2348561999975,2016.3100635383848,2014.6400125787882,2076.7096880000004,2681.6913230000005,7802,3752
binom,1,10,3,0.95,1,12,2835.7318504499954,2175.390939027272,2184.693074681819,2257.9282583076915,2769.0979289999973,4989,579
binom,1,10,3,0.95,2,12,2725.98948087,2359.7364564133345,2374.8308089677757,2450.09274771,2943.905062279997,7272,1567
binom,1,10,3,0.95,3,12,3191.8696074399977,2041.3415016509086,2045.0963398981821,2109.8556933200007,2676.99656648,5069,4211
binom,1,10,3,0.95,4,12,3177.393657440002,2036.4537602206065,2036.4537602206065,2107.9412951107697,2590.8767033599997,9718,5353
binom,1,10,3,0.95,5,12,3119.7046764899997,2045.3150384045443,2042.0868374009085,2102.58888742,2549.0971963499983,2851,324
binom,1,10,3,0.95,6,12,2893.532517019995,2098.5189221845458,2104.2940600833354,2181.0351704000013,2591.27063814,6430,4612
binom,1,10,3,0.95,7,12,3174.0728864800008,2038.9241551733335,2038.9241551733335,2102.345783156923,2664.0430231199994,2609,530
binom,1,10,3,0.95,8,12,3075.1834979099986,2032.6223711136367,2061.972228133637,2113.9418319269234,2548.001208310002,381,7026
binom,1,10,3,0.95,9,12,2789.388439199998,2213.216973483636,2224.390065265456,2300.626794803077,2750.379036920002,2220,3717
binom,1,10,3,0.975,0,12,2756.5390329,2456.3993461772716,2475.2252051999963,2553.8076638999983,3253.4775180499946,6851,8541
binom,1,10,3,0.975,1,12,3382.8252195200103,2012.390394603232,2030.4564398844452,2071.1538126399996,2568.6402589999993,1831,4715
binom,1,10,3,0.975,2,12,2798.864046739999,2269.999886096362,2285.441429966666,2353.70331571846,2806.539748899999,7215,4026
binom,1,10,3,0.975,3,12,2780.411500280001,2259.49938896,2274.264568819997,2339.6992811338455,3089.725191859997,2353,6744
binom,1,10,3,0.975,4,12,3043.942612450004,2071.368983590908,2071.368983590908,2151.069195807692,2659.8977362499995,882,7876
binom,1,10,3,0.975,6,12,2789.7675346799965,2290.403832570303,2305.6576545313123,2378.2510454269227,2895.213275299997,6059,7684
binom,1,10,3,0.975,5,12,2758.173051019999,2557.9386722009053,2576.273174665655,2657.029451056921,3103.9276962699987,5329,3243
binom,1,10,3,0.975,7,12,2736.3402125000002,2391.963893295454,2448.4922655075734,2493.6668298461523,3499.1845177499954,5999,6897
binom,1,10,3,0.975,8,12,3040.785415000008,2098.663894999998,2142.251599999996,2181.3888565384586,2714.1148549999975,5179,4925
binom,1,10,3,0.975,9,12,2880.9700748000014,2196.3662640106036,2207.415116009596,2275.7506109923065,3104.442591099998,3172,7620
binom,1,10,3,0.99,0,12,2746.67343742,2297.211009786667,2312.2019024224273,2381.7267307438474,3483.7389073900026,2251,4868
binom,1,10,3,0.99,1,12,3015.954411209998,2063.5051292909125,2063.5051292909125,2226.7969734900025,2937.624731070001,543,4782
binom,1,10,3,0.99,2,12,2758.4115900999996,2363.5918757227296,2378.1981193454562,2481.368682700003,3105.359145050007,5523,1100
binom,1,10,3,0.99,3,12,2805.1246684700027,2224.122114747881,2236.715115514041,2306.3978480792316,2979.2649984200034,3776,6972
binom,1,10,3,0.99,4,12,2774.120212909998,2369.5101163599993,2386.41097046091,2450.5378812299996,2878.294645060002,223,6326
binom,1,10,3,0.99,5,12,2804.759821999996,2229.1490548000047,2243.282717733338,2311.5332500307727,3040.9569612000014,2713,9720
binom,1,10,3,0.99,6,12,2781.5512221,2761.0470854818172,2780.498131668181,2861.2380950999996,3983.7789883999994,7313,7158
binom,1,10,3,0.99,7,12,2988.116128840003,3192.728524469094,3214.413809871516,3343.6534206307697,3587.9582717000003,1230,3584
binom,1,10,3,0.99,8,12,2710.9204692999992,2512.9640632772744,2514.982386848485,2614.0270794,3419.834815399998,3420,9027
binom,1,10,3,0.99,9,12,2828.4752183800024,2312.107836012728,2328.039668295152,2394.7266951200013,3379.40441434,2958,1883
binom,2,3,1,0.95,0,6,1409.6893412,1731.220984872727,1731.220984872727,1674.2039091000004,1713.5827605999998,2579,5062
binom,2,3,1,0.95,1,6,1411.5139065600001,1737.1664019979803,1730.0222155945455,1693.093314125715,1744.12446162,7015,9418
binom,2,3,1,0.95,2,6,1426.1632654699997,1682.3454383466662,1680.0982363066669,1751.4588995400002,1592.38699796,5573,7770
binom,2,3,1,0.95,3,6,1415.0835581000001,1737.3755570727276,1732.7347204545451,1725.4495941857151,1742.7714995,1188,2809
binom,2,3,1,0.95,4,6,1441.6548431999995,1875.9341145669691,1873.9575539843443,1828.2381394900005,1899.7769617100003,7067,5126
binom,2,3,1,0.95,5,6,1420.2565473599998,1740.166481618181,1736.125386610909,1726.3982685200003,1688.4782711199996,3963,3436
binom,2,3,1,0.95,6,6,1414.9525443199998,1735.5900672145453,1730.81682074909,1719.0543385600004,1683.52188544,3059,6890
binom,2,3,1,0.95,7,6,1408.24545762,1673.8691047610098,1673.8691047610098,1635.4823707999994,1713.5577995999995,2365,1688
binom,2,3,1,0.95,8,6,1390.0215466399998,1671.121008117171,1662.0766028266667,1615.8266834628582,1589.5350510399999,9086,2460
binom,2,3,1,0.95,9,6,1445.8905806300002,1874.8493805957576,1875.9231627548486,1890.8985694799999,1817.7783953300004,7123,6993
binom,2,3,1,0.975,0,6,1452.7640181000004,1881.862919420505,1949.2359752609102,1864.9002635700006,1814.8171467299996,3293,4982
binom,2,3,1,0.975,1,6,1433.5092221199995,1842.9942627912105,1841.9400772930296,1849.4793225214266,1912.0742758899978,6951,4960
binom,2,3,1,0.975,2,6,1449.3044892500004,1874.9249465444443,1872.5279057959594,1929.4779097,1884.6355234999996,3067,4053
binom,2,3,1,0.975,3,6,1401.5635723999997,1736.4076870303024,1732.0847399999989,1723.0266909285701,1806.8415679999982,5715,9972
binom,2,3,1,0.975,4,6,1544.4665137999991,2075.335050532626,2076.6353877353536,2109.716993309998,2048.543882889998,6732,612
binom,2,3,1,0.975,5,6,1484.7261996,1959.3055864173728,1963.7022687321198,1960.0849689285699,2095.1544294199985,9140,3505
binom,2,3,1,0.975,6,6,1429.2492270800003,1647.1501620713116,1647.1501620713116,1628.3555722114281,1638.4191742599994,8233,6325
binom,2,3,1,0.975,7,6,1440.7026175100002,1843.5809089209065,1844.2421624745439,1885.6901230899982,1874.1734866799986,1874,3806
binom,2,3,1,0.975,8,6,1415.2143322999996,1731.9581752967667,1731.9581752967667,1719.2803234199998,1787.34514452,1733,6736
binom,2,3,1,0.975,9,6,1417.6274365999996,1801.87420386909,1799.822562321817,1830.733743217141,1946.948015859999,1629,9683
binom,2,3,1,0.99,0,6,1571.245157300001,2115.927280452527,2113.902703390909,2265.5005857571464,2205.6887192000013,2682,6379
binom,2,3,1,0.99,1,6,1578.9760720799998,2119.658262930909,2122.635980137375,2324.64362008,2263.3140288000004,3918,8992
binom,2,3,1,0.99,2,6,1527.449642,2039.0396991975763,2043.2535546690922,2141.5335916342865,2295.8428604000023,8170,517
binom,2,3,1,0.99,3,6,1704.0835937499996,2293.1690150252534,2317.054118219697,2552.3203526642856,2221.26123375,1693,72
binom,2,3,1,0.99,4,6,1516.6209201000008,2030.3892130181816,2031.004072487879,2181.7953529499996,1961.9793938500006,7070,1341
binom,2,3,1,0.99,5,6,1577.5465862400015,2118.7648548054563,2124.0231155307088,2397.0364002171477,2322.737109740001,3350,1796
binom,2,3,1,0.99,6,6,1485.9565311000013,1959.188872397881,1962.4565423929314,2063.7918380000056,2154.711940210002,9445,808
binom,2,3,1,0.99,7,6,1520.360995550002,2035.211018172225,2037.2303658555577,2064.7798622214304,2174.8227382000014,5907,3917
binom,2,3,1,0.99,8,6,1439.0449895200004,1812.7767519066679,1817.098009370909,1767.3750580600008,1925.4241304799998,8267,4824
binom,2,3,1,0.99,9,6,1489.444745000002,1965.0411609949513,1967.381597712123,2018.965641000002,2095.9924035000013,3293,1027
binom,2,5,2,0.95,1,8,1902.8347677699994,1904.7348668584857,1904.7348668584857,1878.4844078100007,2043.4397905399999,7323,6911
binom,2,5,2,0.95,0,8,1905.846871199999,1917.7774510060597,1917.7774510060597,1890.2815797999995,1972.2045562,4945,8840
binom,2,5,2,0.95,2,8,1848.1035479600002,2084.6048515626253,2080.336891255051,2105.4072352900002,2100.744627230001,9476,9324
binom,2,5,2,0.95,3,8,1862.2913139,2093.4323488818204,2092.218691454548,2093.6159461000007,2136.3460908000006,7299,1632
binom,2,5,2,0.95,4,8,1849.83773055,2022.9911517800024,2022.9911517800024,2025.5130902900007,2077.3520521,9121,7906
binom,2,5,2,0.95,5,8,1935.6426108799988,1872.3417369757565,1872.3417369757565,1847.5251326199998,1978.0096727899993,7263,5251
binom,2,5,2,0.95,6,8,1942.74520405,1876.6172144989916,1876.6172144989916,1834.7010693000007,1978.9619507500004,3928,9374
binom,2,5,2,0.95,7,8,1846.145073480001,2019.9138613773725,2016.201669406867,2018.0469391999995,2143.4788593999997,9717,7757
binom,2,5,2,0.95,8,8,1875.5362538699999,1974.8477513026264,1974.8477513026264,1969.96044885,2218.3052513900006,4342,3243
binom,2,5,2,0.95,9,8,1874.6631750399997,1962.3617353034367,2007.6786667951521,1948.9092915200008,2021.5602480799998,6457,8855
binom,2,5,2,0.975,0,8,1955.8722338000014,2387.997795280002,2394.711477896968,2427.0588929200007,2504.246564639998,7823,9355
binom,2,5,2,0.975,1,8,1933.0345354800002,2350.0803735822205,2357.875654959999,2509.7131284799975,2447.1870957199985,5717,86
binom,2,5,2,0.975,2,8,1933.9815966200008,2381.9071808147496,2384.782586644544,2465.3698541699996,2479.9420649999997,2251,4868
binom,2,5,2,0.975,3,8,1876.9742106799995,1963.7450702533347,1963.7450702533347,1948.8465029200001,2094.8898983599997,6535,6947
binom,2,5,2,0.975,4,8,1840.2015809999998,2024.408483862224,2024.408483862224,2025.2115088399999,2135.952419759999,5075,3018
binom,2,5,2,0.975,5,8,1847.94157292,2075.2325550049486,2072.4335300674734,2094.8758875,2330.8884026299984,9814,9183
binom,2,5,2,0.975,6,8,1874.704987629999,2197.151670372727,2251.4264672954528,2203.5796395799985,2222.7499377799986,223,6326
binom,2,5,2,0.975,7,8,1871.0820659999997,2130.954392284847,2136.6760009272693,2136.5830597999984,2320.460092799998,6403,2715
binom,2,5,2,0.975,8,8,1935.9512059799993,2346.3031741089876,2350.2387600267675,2355.6560207499983,2441.1373686599986,1431,951
binom,2,5,2,0.975,9,8,1829.0682410399997,2047.3565945733305,2047.3565945733305,2159.0572292899983,2062.363160979998,7149,7141
binom,2,5,2,0.99,0,8,1903.201709600001,2302.293463954548,2301.7022025727306,2376.6693946,2392.1630394000013,3420,9027
binom,2,5,2,0.99,1,8,2036.3384796100036,2551.150792230911,2616.2011422727337,2717.5645770900055,2559.348296710003,3620,9933
binom,2,5,2,0.99,2,8,1860.3002547999993,2027.1704825292907,2027.1704825292907,2022.0419301999993,2301.2269871999997,3141,7227
binom,2,5,2,0.99,3,8,2042.5488048000013,2565.1081308646526,2571.3207408727294,2720.3680092000063,2662.234487200002,2289,8007
binom,2,5,2,0.99,4,8,1909.3354344900013,2235.245038866666,2240.9609926711137,2379.0407247000003,2668.5306538900027,5573,7770
binom,2,5,2,0.99,5,8,2230.5355995900018,2811.6374046209135,2814.3005447539426,3073.724288940003,2913.2916634600015,4401,1012
binom,2,5,2,0.99,6,8,2104.8416654200037,2645.2133781751545,2650.1422144381827,2892.9314072000047,2747.0171085600014,8172,6580
binom,2,5,2,0.99,7,8,2163.0271951999975,2725.7551021010077,2729.207012010098,2972.0733173999993,2832.3115008000013,5536,3796
binom,2,5,2,0.99,8,8,1867.8583269600003,2022.7874489527255,2022.7874489527255,2028.499927919999,2296.994269120001,3059,6890
binom,2,5,2,0.99,9,8,2116.633093599999,2637.8186297042425,2644.9217116694963,2839.46756864,3035.9224940000013,7234,9276
binom,2,10,3,0.95,0,13,2950.7033764400016,2459.250867590507,2516.5069263078817,2533.573208487144,2818.1204106800014,7156,338
binom,2,10,3,0.95,1,13,3347.487001500003,2209.3875571691906,2209.3875571691906,2264.8014528999997,2495.7128540999975,7838,2426
binom,2,10,3,0.95,2,13,3447.99787761999,2237.6930773740405,2237.6930773740405,2301.29773048,2562.851082600002,3293,4982
binom,2,10,3,0.95,3,13,3157.681284959999,2291.1779773799985,2339.168039400002,2366.8503919971427,2581.6583109600015,5747,1248
binom,2,10,3,0.95,4,13,2830.2680102399977,2517.853543689697,2515.8042098101005,2623.5673895199993,2909.2792374400005,5836,3166
binom,2,10,3,0.95,5,13,3180.6939996799947,2303.3871159636365,2303.3871159636365,2374.9670675428574,2697.4727069600012,2491,881
binom,2,10,3,0.95,6,13,3322.878312859997,2239.0739037571725,2239.0739037571725,2303.18908711,2811.4415062299995,6732,612
binom,2,10,3,0.95,7,13,3143.0695447000053,2278.7997477999997,2278.7997477999997,2360.0428441200006,2626.3372768300014,532,2709
binom,2,10,3,0.95,8,13,3416.4954418399957,2227.313304436362,2227.313304436362,2281.0262034514285,2663.471484679998,5348,8581
binom,2,10,3,0.95,9,13,3437.2994794599927,2229.874156252525,2262.037283448183,2296.840396012857,2752.2427175800003,5920,142
binom,2,10,3,0.975,0,13,3013.704196119998,2391.6084563775744,2423.418461548484,2549.116645753572,2841.455518159999,1733,6736
binom,2,10,3,0.975,1,13,2860.6967876000012,2563.7882628888888,2632.836664133332,2681.3250228499983,3068.280777999999,1613,9578
binom,2,10,3,0.975,2,13,2889.2437794400016,2496.6762868755527,2499.4431571244427,2572.6105487942846,3159.549424319996,8338,8454
binom,2,10,3,0.975,3,13,2836.7117739600008,2526.5912464318167,2526.5912464318167,2630.86733916,3381.657161270001,4108,5889
binom,2,10,3,0.975,4,13,3212.6000343999895,2290.325004601212,2290.325004601212,2354.226675337143,2668.8798231199985,8170,517
binom,2,10,3,0.975,5,13,2828.9897473800042,2551.9938897563634,2557.140140759998,2640.69678147857,3183.172196659998,952,2630
binom,2,10,3,0.975,6,13,2889.1888648000017,2520.4339355668685,2521.596245001212,2610.6380253028574,2790.452147839999,1249,2352
binom,2,10,3,0.975,7,13,2986.5663062999993,2395.3026583763635,2395.3026583763635,2475.691112635715,2952.931769920001,8390,2484
binom,2,10,3,0.975,8,13,2793.4229730800007,2593.4693292542397,2599.4712689487847,2681.031370139999,3323.982102569999,9445,808
binom,2,10,3,0.975,9,13,2898.2550606199975,2422.521228299899,2420.522117160402,2499.1343203399983,2936.747645039998,9042,659
binom,2,10,3,0.99,0,13,2945.3756423200016,2380.763623175757,2432.939463706666,2460.8086945999994,3591.2188884400075,5856,7315
binom,2,10,3,0.99,1,13,3118.6373574599916,2296.2597528107117,2296.2597528107117,2371.850313200005,3073.2794909100057,1018,1337
binom,2,10,3,0.99,2,13,2985.8604283999944,2398.229287012119,2456.847767054548,2470.2958645714284,3109.3183166000013,4945,8840
binom,2,10,3,0.99,3,13,2924.2908827800015,2472.117465794649,2472.117465794649,2549.868978740003,3634.134815950001,3706,2992
binom,2,10,3,0.99,4,13,2861.3241885199996,2677.178031182226,2688.412493462225,2771.9545014100026,3204.516024630001,9997,1995
binom,2,10,3,0.99,5,13,2803.852999499999,2590.3170538555546,2594.3462588479824,2700.6280540285716,3155.634243100004,2235,318
binom,2,10,3,0.99,6,13,2774.1129137200005,2660.891017182625,2740.2191644630266,2766.0238512499996,3732.9835005299997,7263,5251
binom,2,10,3,0.99,7,13,3066.746000679992,2342.121123456667,2342.121123456667,2423.708244544287,3523.326186489999,602,8346
binom,2,10,3,0.99,8,13,2754.8121526200007,2746.7685627756555,2755.329495774647,2846.2263495957154,3406.2697128700042,1021,7780
binom,2,10,3,0.99,9,13,2935.143563959998,2405.796935788082,2405.796935788082,2487.2721485100005,3622.740241060008,667,1200
